ligand_id,label,selection_role,EGFR_9KL4_aligned,EGFR_7KXZ_aligned,EGFR_9FRD_aligned,EGFR_4I23_aligned,EGFR_3W2S_aligned,EGFR_5CAV_aligned,EGFR_3W32_aligned,EGFR_8F1Z_aligned,EGFR_3POZ_aligned,EGFR_7U9A_aligned,EGFR_3W33_aligned,EGFR_9QXN_aligned
EGFR_active_L000008,active,development_train,-8.831,-9.083,-9.709,-8.992,-9.036,-8.448,-9.761,-9.344,-9.496,-8.654,-9.367,-9.687
EGFR_active_L000486,active,development_train,-9.532,-9.786,-10.083,-8.633,-8.745,-8.423,-10.48,-9.14,-9.169,-8.593,-10.067,-9.854
EGFR_active_L000102,active,development_train,-7.917,-8.051,-8.61,-7.899,-8.416,-7.375,-8.977,-8.607,-8.706,-7.631,-9.202,-8.66
EGFR_active_L000352,active,development_train,-8.569,-9.026,-9.89,-7.717,-9.616,-8.339,-9.717,-9.455,-9.731,-8.231,-9.631,-9.853
EGFR_active_L000438,active,development_train,-8.639,-8.944,-9.03,-8.413,-8.992,-8.271,-9.181,-9.592,-9.094,-8.789,-9.267,-9.301
EGFR_active_L000475,active,development_train,-9.071,-9.362,-9.889,-8.986,-10.051,-8.051,-10.901,-9.835,-10.447,-9.067,-10.828,-9.776
EGFR_active_L000113,active,development_train,-8.332,-8.795,-9.157,-7.756,-9.812,-7.899,-9.553,-9.31,-9.673,-8.476,-10.09,-9.742
EGFR_active_L000402,active,development_train,-8.108,-7.514,-8.88,-8.252,-8.835,-8.188,-8.276,-8.449,-8.252,-8.053,-9.144,-8.309
EGFR_active_L000354,active,development_train,-9.803,-9.468,-9.861,-9.622,-10.499,-8.292,-11.371,-9.936,-10.952,-9.256,-11.337,-9.79
EGFR_active_L000170,active,development_train,-9.175,-9.492,-9.716,-8.895,-8.772,-8.714,-9.62,-9.512,-9.208,-8.732,-9.728,-9.387
EGFR_active_L000433,active,development_train,-8.757,-9.38,-9.758,-8.618,-9.807,-7.907,-10.34,-10.041,-10.467,-8.201,-10.404,-9.892
EGFR_active_L000457,active,development_train,-8.247,-8.841,-8.677,-8.946,-8.957,-8.317,-9.43,-9.033,-9.075,-8.364,-8.966,-8.864
EGFR_active_L000295,active,development_train,-8.348,-9.172,-10.11,-7.79,-9.409,-8.083,-9.703,-9.668,-9.451,-8.139,-9.684,-9.795
EGFR_active_L000169,active,development_train,-8.959,-9.434,-10.268,-8.776,-10.064,-8.482,-10.006,-10.053,-9.693,-8.702,-9.995,-10.441
EGFR_active_L000005,active,development_train,-8.491,-8.574,-8.898,-7.68,-9.65,-7.723,-10.274,-9.205,-10.044,-8.297,-9.953,-9.057
EGFR_active_L000276,active,development_train,-8.192,-8.511,-9.056,-7.752,-8.803,-7.37,-9.48,-8.663,-9.254,-7.956,-9.592,-9.329
EGFR_active_L000230,active,development_train,-9.156,-9.356,-9.654,-8.132,-10.265,-8.479,-10.737,-9.484,-10.11,-8.233,-10.468,-9.53
EGFR_active_L000091,active,development_train,-9.266,-9.087,-10.26,-8.1,-9.321,-7.705,-9.089,-10.44,-8.768,-8.586,-8.617,-10.303
EGFR_active_L000522,active,development_train,-9.825,-9.384,-10.615,-9.674,-10.94,-8.605,-11.474,-11.071,-11.573,-9.406,-11.276,-10.399
EGFR_active_L000189,active,development_train,-8.063,-8.563,-9.155,-8.129,-8.868,-7.839,-8.849,-9.167,-8.374,-8.115,-8.527,-9.219
EGFR_active_L000047,active,development_train,-8.601,-8.764,-9.292,-8.295,-8.939,-8.146,-8.783,-9.272,-8.866,-8.078,-9.114,-9.356
EGFR_active_L000196,active,development_train,-8.505,-8.604,-8.345,-8.199,-8.467,-7.21,-9.372,-8.69,-8.902,-7.756,-8.974,-8.581
EGFR_active_L000118,active,development_train,-9.403,-8.865,-8.741,-8.454,-9.011,-8.884,-9.479,-9.288,-8.997,-8.578,-8.944,-9.137
EGFR_active_L000043,active,development_train,-8.949,-9.141,-10.129,-9.179,-9.101,-8.023,-9.2,-10.17,-9.402,-8.599,-8.952,-10.167
EGFR_active_L000148,active,development_train,-8.468,-8.621,-9.625,-7.523,-9.566,-7.834,-10.466,-10.194,-9.934,-8.035,-10.358,-9.854
EGFR_active_L000236,active,development_train,-9.439,-9.484,-10.141,-9.197,-10.145,-8.138,-10.937,-10.094,-11.009,-8.721,-11.49,-10.129
EGFR_active_L000056,active,development_train,-7.984,-8.196,-8.728,-7.903,-8.664,-7.48,-8.632,-8.749,-8.677,-6.939,-8.654,-8.611
EGFR_active_L000512,active,development_train,-8.502,-8.701,-9.972,-9.189,-9.535,-8.199,-10.114,-9.607,-10.174,-9.078,-10.363,-10.273
EGFR_active_L000297,active,development_train,-8.7,-8.491,-9.185,-7.7,-8.253,-7.66,-8.943,-8.707,-8.505,-7.689,-8.996,-9.045
EGFR_active_L000333,active,development_train,-6.687,-6.916,-8.11,-7.001,-7.691,-7.047,-7.659,-7.881,-7.785,-7.038,-8.067,-8.177
EGFR_active_L000469,active,development_train,-9.447,-9.155,-10.206,-8.691,-9.403,-8.391,-9.55,-10.497,-9.538,-8.707,-9.566,-10.253
EGFR_active_L000319,active,development_train,-8.199,-8.023,-8.556,-7.321,-7.27,-7.269,-7.91,-8.816,-8.011,-6.802,-7.88,-8.844
EGFR_active_L000325,active,development_train,-9.356,-9.55,-9.556,-8.58,-9.104,-8.371,-10.035,-9.375,-9.685,-8.572,-10.446,-9.528
EGFR_active_L000073,active,development_train,-10.778,-10.967,-12.254,-10.285,-11.825,-9.564,-13.009,-11.882,-12.38,-10.92,-12.777,-12.091
EGFR_active_L000127,active,development_train,-9.557,-9.28,-10.032,-9.077,-10.602,-9.006,-11.496,-10.227,-11.364,-9.039,-11.87,-10.205
EGFR_active_L000489,active,development_train,-8.245,-8.859,-8.84,-8.459,-9.853,-7.708,-9.648,-9.178,-9.709,-7.538,-9.685,-8.464
EGFR_active_L000391,active,development_train,-7.092,-7.823,-8.511,-7.244,-8.077,-7.006,-7.601,-8.541,-8.156,-7.425,-7.412,-8.612
EGFR_active_L000313,active,development_train,-8.751,-8.677,-9.21,-8.505,-9.204,-7.748,-9.266,-9.497,-9.123,-8.376,-9.182,-9.465
EGFR_active_L000081,active,development_train,-7.921,-8.223,-8.502,-7.379,-8.807,-7.317,-8.859,-9.036,-8.706,-8.109,-8.751,-8.264
EGFR_active_L000481,active,development_train,-9.484,-8.761,-10.473,-8.371,-9.461,-8.839,-10.116,-10.067,-9.861,-9.271,-10.032,-10.5
EGFR_active_L000060,active,development_train,-8.832,-8.782,-9.715,-8.247,-10.109,-8.317,-10.464,-9.594,-10.279,-8.213,-10.37,-9.664
EGFR_active_L000157,active,development_train,-8.385,-8.785,-9.6,-8.691,-9.339,-8.634,-10.038,-9.542,-9.775,-8.59,-9.835,-9.723
EGFR_active_L000490,active,development_train,-10.069,-10.434,-11.231,-9.817,-11.713,-8.89,-11.456,-11.531,-11.938,-10.423,-11.993,-11.765
EGFR_active_L000441,active,development_train,-8.923,-8.595,-9.6,-8.441,-10.195,-8.343,-10.774,-9.713,-10.13,-8.389,-10.902,-9.466
EGFR_active_L000010,active,development_train,-8.489,-8.37,-8.938,-7.99,-9.091,-7.911,-9.153,-8.738,-8.805,-8.152,-8.908,-8.899
EGFR_active_L000154,active,development_train,-9.577,-9.822,-9.841,-9.26,-9.766,-8.442,-10.02,-9.459,-9.924,-9.232,-9.961,-9.536
EGFR_active_L000294,active,development_train,-9.119,-9.293,-10.426,-8.865,-9.64,-8.17,-10.492,-10.297,-10.233,-8.667,-11.059,-10.191
EGFR_active_L000430,active,development_train,-7.88,-8.009,-8.608,-7.951,-9.132,-7.759,-9.93,-8.227,-9.71,-7.647,-9.246,-8.437
EGFR_active_L000030,active,development_train,-7.576,-8.164,-8.56,-7.559,-8.646,-7.465,-9.615,-8.409,-8.587,-7.186,-9.135,-8.464
EGFR_active_L000537,active,development_train,-8.704,-8.423,-9.721,-7.724,-9.008,-7.77,-8.767,-9.316,-8.802,-7.973,-8.816,-9.205
EGFR_active_L000488,active,development_train,-7.28,-7.329,-8.853,-7.454,-7.858,-6.98,-8.236,-8.593,-7.969,-7.401,-8.302,-8.731
EGFR_active_L000484,active,development_train,-8.748,-8.703,-9.061,-8.609,-8.99,-8.024,-9.104,-9.08,-8.44,-8.87,-8.609,-9.102
EGFR_active_L000328,active,development_train,-7.608,-7.729,-8.551,-7.681,-7.578,-7.038,-7.579,-8.302,-7.528,-7.261,-7.079,-8.55
EGFR_active_L000421,active,development_train,-8.475,-8.324,-9.084,-7.853,-9.238,-7.58,-8.65,-9.021,-8.779,-8.094,-8.927,-8.939
EGFR_active_L000076,active,development_train,-8.602,-8.664,-9.367,-8.4,-8.88,-8.115,-9.063,-9.516,-8.933,-7.961,-8.934,-9.543
EGFR_active_L000285,active,development_train,-8.229,-8.255,-9.572,-9.099,-8.807,-7.805,-9.29,-9.131,-8.688,-9.064,-9.259,-9.551
EGFR_active_L000184,active,development_train,-8.546,-8.894,-9.477,-8.133,-8.303,-7.818,-8.894,-9.184,-8.132,-7.798,-7.939,-9.265
EGFR_active_L000009,active,development_train,-9.104,-8.624,-9.271,-8.59,-9.108,-8.298,-10.216,-9.097,-9.66,-8.624,-9.843,-9.383
EGFR_active_L000409,active,development_train,-9.877,-9.908,-11.25,-8.829,-10.444,-9.484,-10.788,-9.791,-10.811,-10.093,-9.642,-9.913
EGFR_active_L000516,active,development_train,-8.077,-8.264,-8.894,-7.88,-8.844,-7.668,-9.153,-8.577,-8.697,-8.021,-8.67,-9.061
EGFR_active_L000229,active,development_train,-9.749,-9.602,-10.232,-8.816,-10.209,-8.888,-10.639,-10.629,-10.45,-8.869,-10.48,-10.27
EGFR_active_L000279,active,development_train,-8.599,-8.708,-9.067,-8.386,-9.511,-7.738,-9.977,-9.237,-9.793,-8.098,-9.795,-9.102
EGFR_active_L000222,active,development_train,-9.234,-9.158,-9.645,-8.514,-9.58,-8.114,-10.427,-10.137,-10.142,-8.441,-10.399,-9.676
EGFR_active_L000436,active,development_train,-8.366,-8.95,-9.694,-8.634,-8.931,-8.153,-8.707,-9.27,-8.559,-8.062,-8.43,-9.55
EGFR_active_L000197,active,development_train,-9.227,-9.574,-9.842,-8.684,-10.14,-8.71,-10.601,-10.058,-10.542,-8.905,-10.965,-9.976
EGFR_active_L000532,active,development_train,-8.15,-8.505,-9.443,-8.4,-8.676,-8.074,-8.886,-9.337,-8.826,-7.954,-8.869,-9.405
EGFR_active_L000187,active,development_train,-8.423,-8.825,-9.034,-8.131,-9.008,-7.819,-9.584,-8.776,-9.053,-8.202,-9.513,-9.13
EGFR_active_L000101,active,development_train,-8.924,-9.452,-9.744,-8.76,-9.733,-8.676,-10.333,-9.639,-10.196,-8.659,-10.319,-9.954
EGFR_active_L000234,active,development_train,-9.563,-9.7,-10.18,-9.491,-10.737,-9.153,-11.46,-10.575,-10.71,-9.591,-11.34,-10.605
EGFR_active_L000144,active,development_train,-9.586,-9.512,-9.069,-8.412,-9.378,-8.132,-10.531,-9.809,-10.359,-8.173,-10.294,-9.957
EGFR_active_L000371,active,development_train,-7.701,-8.171,-8.368,-8.191,-8.246,-8.814,-8.829,-7.929,-9.058,-8.379,-9.687,-7.797
EGFR_active_L000317,active,development_train,-9.236,-8.998,-10.044,-8.489,-8.86,-7.519,-9.233,-10.119,-9.477,-8.644,-9.795,-10.267
EGFR_active_L000358,active,development_train,-8.756,-9.431,-10.127,-7.73,-9.634,-8.415,-9.662,-10.075,-9.799,-8.77,-9.604,-10.11
EGFR_active_L000194,active,development_train,-8.698,-8.498,-9.157,-8.567,-9.619,-7.553,-8.969,-9.343,-8.773,-8.659,-8.94,-9.269
EGFR_active_L000003,active,development_train,-8.218,-8.553,-9.161,-8.167,-8.915,-7.942,-8.656,-9.088,-8.582,-8.064,-8.494,-9.202
EGFR_active_L000121,active,development_train,-9.26,-9.671,-9.35,-8.785,-9.977,-8.77,-9.515,-9.731,-9.505,-8.58,-9.616,-9.54
EGFR_active_L000458,active,development_train,-9.614,-9.408,-9.712,-8.967,-10.554,-9.044,-10.343,-10.409,-10.53,-8.86,-10.525,-10.322
EGFR_active_L000390,active,development_train,-8.299,-8.321,-8.558,-8.416,-8.732,-8.34,-8.82,-8.786,-8.694,-8.366,-8.872,-8.677
EGFR_active_L000049,active,development_train,-9.463,-9.849,-10.192,-9.609,-9.785,-9.401,-10.495,-10.441,-10.418,-9.84,-11.037,-10.208
EGFR_active_L000044,active,development_train,-7.894,-8.319,-8.922,-7.492,-8.473,-7.353,-8.814,-8.741,-9.057,-7.575,-8.602,-8.547
EGFR_active_L000021,active,development_train,-8.158,-8.307,-9.012,-8.107,-8.915,-7.854,-8.495,-8.877,-8.489,-7.956,-8.76,-8.961
EGFR_active_L000004,active,development_train,-8.449,-8.838,-9.552,-8.348,-9.334,-8.038,-8.803,-9.342,-8.954,-8.443,-8.575,-9.613
EGFR_active_L000252,active,development_train,-9.843,-10.651,-10.848,-9.504,-10.384,-9.316,-10.381,-10.52,-9.917,-9.333,-10.312,-10.906
EGFR_active_L000083,active,development_train,-8.776,-8.904,-9.433,-8.558,-9.062,-8.303,-9.62,-9.767,-9.347,-8.49,-9.059,-9.607
EGFR_active_L000173,active,development_train,-8.759,-9.235,-9.82,-8.369,-8.591,-8.514,-9.117,-9.595,-8.621,-8.362,-8.571,-9.284
EGFR_active_L000526,active,development_train,-9.395,-9.505,-9.817,-8.973,-10.295,-8.429,-10.823,-10.008,-10.458,-8.835,-10.622,-9.744
EGFR_active_L000032,active,development_train,-8.516,-8.63,-9.355,-8.616,-8.849,-7.964,-8.761,-9.478,-8.904,-8.108,-8.509,-9.16
EGFR_active_L000261,active,development_train,-8.578,-9.527,-9.629,-8.597,-10.075,-8.376,-11.165,-10.051,-10.638,-8.58,-10.986,-9.512
EGFR_active_L000224,active,development_train,-8.613,-8.895,-9.875,-8.546,-9.405,-8.026,-8.791,-9.793,-8.629,-8.642,-9.022,-9.915
EGFR_active_L000031,active,development_train,-8.559,-8.668,-9.013,-7.928,-8.295,-7.759,-9.072,-9.252,-8.627,-7.76,-8.369,-9.121
EGFR_active_L000117,active,development_train,-8.546,-8.471,-9.643,-7.363,-9.643,-7.695,-9.786,-8.949,-9.715,-8.343,-9.846,-9.861
EGFR_active_L000001,active,development_train,-9.206,-9.693,-10.275,-8.758,-10.21,-8.481,-9.493,-10.398,-9.641,-9.181,-10.02,-10.324
EGFR_active_L000266,active,development_train,-7.477,-7.939,-8.457,-7.794,-8.792,-7.68,-9.037,-8.637,-8.851,-7.651,-8.687,-8.665
EGFR_active_L000283,active,development_train,-8.449,-8.436,-9.089,-8.053,-9.177,-7.977,-8.793,-9.141,-8.717,-8.076,-8.751,-8.845
EGFR_active_L000470,active,development_train,-7.633,-7.973,-8.25,-7.459,-7.907,-7.525,-7.809,-8.354,-7.544,-7.414,-7.804,-8.15
EGFR_active_L000159,active,development_train,-9.057,-8.677,-9.401,-7.681,-9.431,-7.887,-10.157,-9.231,-9.795,-8.013,-10.025,-9.594
EGFR_active_L000434,active,development_train,-8.177,-8.537,-9.169,-7.934,-8.338,-7.902,-9.048,-9.098,-9.002,-7.721,-8.656,-9.075
EGFR_active_L000188,active,development_train,-9.18,-8.886,-9.438,-7.994,-9.356,-7.621,-10.21,-9.016,-9.633,-7.613,-9.941,-9.452
EGFR_active_L000246,active,development_train,-8.986,-9.392,-10.022,-9.479,-10.696,-8.8,-10.761,-10.356,-10.445,-9.1,-10.945,-10.177
EGFR_active_L000029,active,development_train,-8.176,-8.681,-9.124,-7.807,-8.652,-7.794,-8.837,-9.277,-9.275,-7.682,-8.926,-9.284
EGFR_active_L000320,active,development_train,-6.59,-7.203,-7.981,-6.522,-7.318,-6.608,-7.535,-7.823,-7.53,-6.682,-7.794,-7.97
EGFR_active_L000221,active,development_train,-9.122,-9.849,-9.71,-8.681,-8.877,-9.358,-9.455,-9.785,-9.068,-9.345,-9.296,-9.973
EGFR_active_L000147,active,development_train,-9.463,-9.857,-9.61,-8.746,-9.372,-8.716,-9.474,-9.81,-9.481,-9.091,-8.597,-9.893
EGFR_active_L000105,active,development_train,-8.692,-8.687,-9.364,-8.619,-9.926,-7.62,-10.579,-9.609,-10.255,-8.313,-10.723,-9.34
EGFR_active_L000337,active,development_train,-9.043,-9.105,-10.864,-8.995,-9.856,-8.587,-11.05,-9.373,-10.701,-9.426,-10.963,-10.413
EGFR_active_L000368,active,development_train,-8.785,-8.702,-9.423,-8.256,-9.687,-8.051,-9.272,-9.135,-9.554,-8.524,-9.707,-9.389
EGFR_active_L000114,active,development_train,-8.824,-8.674,-9.891,-8.618,-9.546,-7.978,-10.291,-9.7,-10.048,-8.471,-10.368,-9.949
EGFR_active_L000115,active,development_train,-8.248,-8.645,-8.912,-7.016,-8.332,-7.689,-9.235,-9.276,-8.867,-7.663,-9.021,-9.066
EGFR_active_L000063,active,development_train,-8.957,-9.253,-9.778,-8.342,-9.01,-8.108,-9.23,-9.943,-9.267,-7.852,-8.86,-9.842
EGFR_active_L000540,active,development_train,-9.044,-8.873,-10.074,-8.542,-9.97,-7.767,-10.343,-10.186,-10.337,-8.304,-10.765,-10.116
EGFR_active_L000298,active,development_train,-9.238,-9.406,-9.771,-8.736,-10.036,-8.193,-10.913,-10.072,-10.696,-8.552,-10.849,-10.019
EGFR_active_L000254,active,development_train,-8.176,-8.538,-9.157,-7.937,-9.384,-8.007,-10.341,-9.097,-10.023,-8.08,-10.02,-8.991
EGFR_active_L000215,active,development_train,-8.696,-8.72,-8.402,-7.78,-9.443,-7.862,-10.351,-9.155,-10.139,-7.555,-10.099,-9.274
EGFR_active_L000472,active,development_train,-7.862,-8.05,-8.901,-7.791,-8.158,-7.826,-7.949,-8.763,-7.933,-8.043,-7.904,-8.85
EGFR_active_L000335,active,development_train,-9.526,-9.648,-10.07,-9.976,-10.775,-8.263,-11.89,-10.01,-11.329,-9.186,-11.669,-9.868
EGFR_active_L000241,active,development_train,-7.018,-7.342,-7.836,-7.058,-7.707,-6.731,-7.714,-7.621,-7.65,-6.97,-7.781,-7.82
EGFR_active_L000392,active,development_train,-8.77,-8.714,-9.18,-9.02,-9.08,-8.393,-8.776,-8.853,-8.735,-8.592,-8.531,-8.984
EGFR_active_L000079,active,development_train,-8.71,-8.683,-9.076,-7.694,-9.203,-7.481,-10.148,-9.384,-9.585,-7.961,-9.98,-9.237
EGFR_active_L000307,active,development_train,-8.963,-9.206,-9.958,-8.199,-9.911,-8.544,-10.334,-9.767,-10.544,-8.925,-11.049,-9.852
EGFR_active_L000203,active,development_train,-9.45,-9.394,-10.544,-9.062,-10.702,-9.109,-11.255,-10.742,-10.91,-9.569,-11.107,-10.756
EGFR_decoy_L033153,decoy,development_train,-7.621,-7.737,-8.451,-7.582,-8.363,-7.644,-8.492,-8.36,-8.759,-7.849,-9.101,-8.362
EGFR_decoy_L030504,decoy,development_train,-9.143,-8.55,-9.866,-8.609,-9.097,-8.288,-9.858,-9.401,-9.484,-8.661,-9.772,-9.586
EGFR_decoy_L015194,decoy,development_train,-8.104,-8.567,-8.758,-8.019,-9.134,-7.483,-9.074,-8.812,-8.851,-7.708,-8.83,-8.529
EGFR_decoy_L014437,decoy,development_train,-9.162,-9.778,-9.383,-7.913,-9.08,-8.807,-9.551,-9.055,-8.829,-8.485,-10.917,-9.577
EGFR_decoy_L013931,decoy,development_train,-8.329,-8.259,-8.716,-7.594,-8.697,-8.031,-9.591,-8.686,-9.395,-7.472,-9.196,-8.472
EGFR_decoy_L009256,decoy,development_train,-8.158,-8.285,-9.511,-7.916,-8.918,-7.651,-9.662,-9.523,-8.871,-7.661,-9.843,-9.21
EGFR_decoy_L031609,decoy,development_train,-7.694,-8.25,-9.081,-7.436,-9.054,-7.116,-9.186,-9.65,-8.694,-7.286,-9.547,-9.225
EGFR_decoy_L012342,decoy,development_train,-8.683,-8.52,-8.514,-7.92,-9.141,-8.109,-9.206,-8.809,-9.188,-8.394,-9.93,-8.556
EGFR_decoy_L009703,decoy,development_train,-8.621,-9.142,-9.668,-8.327,-8.016,-8.082,-8.898,-8.726,-8.735,-7.928,-7.996,-9.187
EGFR_decoy_L000553,decoy,development_train,-9.784,-9.747,-9.298,-8.534,-9.843,-8.428,-10.117,-9.651,-10.432,-8.708,-10.76,-9.545
EGFR_decoy_L001565,decoy,development_train,-7.389,-6.345,-7.342,-9.546,-7.958,-8.971,-7.931,-7.384,-8.143,-7.76,-7.23,-6.354
EGFR_decoy_L001585,decoy,development_train,-8.747,-8.83,-9.122,-8.454,-8.567,-8.797,-9.095,-9.513,-9.127,-8.052,-8.871,-9.064
EGFR_decoy_L012078,decoy,development_train,-8.845,-6.739,-6.955,-7.138,-7.457,-7.908,-7.837,-7.574,-7.52,-7.419,-6.632,-7.215
EGFR_decoy_L012433,decoy,development_train,-6.767,-6.636,-6.732,-7.089,-7.561,-8.095,-7.099,-6.822,-7.733,-7.353,-7.19,-7.017
EGFR_decoy_L012437,decoy,development_train,-8.897,-8.781,-8.977,-8.967,-9.272,-9.423,-8.442,-9.654,-9.472,-9.028,-8.927,-8.781
EGFR_decoy_L015671,decoy,development_train,-9.135,-8.88,-9.179,-8.258,-9.066,-8.435,-10.109,-8.436,-9.48,-8.344,-9.807,-8.368
EGFR_decoy_L016517,decoy,development_train,-6.982,-6.821,-7.031,-7.495,-7.424,-7.717,-7.528,-7.362,-8.044,-7.461,-7.091,-7.288
EGFR_decoy_L024816,decoy,development_train,-6.596,-7.266,-7.192,-7.584,-7.571,-7.8,-6.439,-6.431,-7.567,-7.769,-6.372,-6.281
EGFR_decoy_L034111,decoy,development_train,-8.778,-8.569,-9.554,-8.104,-9.675,-8.166,-10.435,-8.943,-9.965,-8.897,-10.111,-9.116
EGFR_decoy_L006422,decoy,development_train,-7.822,-8.174,-8.745,-6.98,-9.035,-6.786,-8.728,-7.811,-8.831,-7.397,-8.625,-8.901
EGFR_decoy_L006433,decoy,development_train,-7.674,-7.435,-7.782,-6.683,-7.584,-7.209,-7.778,-7.926,-8.099,-6.906,-8.037,-7.739
EGFR_decoy_L006836,decoy,development_train,-7.365,-7.5,-8.317,-6.489,-7.489,-7.206,-8.002,-7.914,-7.3,-7.002,-7.618,-7.723
EGFR_decoy_L000859,decoy,development_train,-7.259,-7.291,-7.67,-7.787,-7.233,-7.572,-6.93,-7.675,-7.227,-6.147,-7.233,-7.772
EGFR_decoy_L020813,decoy,development_train,-7.396,-7.285,-7.979,-7.188,-7.709,-7.148,-8.135,-8.092,-8.093,-7.485,-8.346,-7.808
EGFR_decoy_L022613,decoy,development_train,-7.216,-6.893,-7.704,-6.766,-6.996,-6.524,-7.233,-7.652,-6.756,-6.216,-7.324,-7.118
EGFR_decoy_L029762,decoy,development_train,-7.043,-7.125,-7.43,-6.974,-7.114,-7.221,-7.787,-7.735,-7.107,-6.347,-7.589,-7.618
EGFR_decoy_L034454,decoy,development_train,-7.669,-7.513,-8.435,-7.529,-7.554,-7.535,-7.303,-8.181,-7.511,-6.825,-7.563,-8.127
EGFR_decoy_L034507,decoy,development_train,-7.794,-7.358,-7.847,-7.812,-7.039,-7.331,-6.919,-8.116,-7.267,-6.709,-7.061,-7.551
EGFR_decoy_L034512,decoy,development_train,-7.289,-7.334,-7.733,-7.056,-7.346,-6.782,-7.444,-8.021,-7.2,-6.409,-7.532,-7.655
EGFR_decoy_L034534,decoy,development_train,-7.634,-7.569,-8.19,-7.796,-7.842,-7.807,-7.51,-8.554,-7.904,-7.265,-7.525,-8.116
EGFR_decoy_L034556,decoy,development_train,-7.597,-7.244,-7.739,-7.394,-7.23,-7.311,-7.141,-8.038,-7.508,-6.542,-7.131,-7.781
EGFR_decoy_L020490,decoy,development_train,-10.234,-9.888,-10.509,-9.031,-10.094,-9.09,-10.919,-10.366,-10.306,-9.107,-10.681,-11.146
EGFR_decoy_L006297,decoy,development_train,-9.88,-10.273,-10.499,-9.005,-11.444,-9.017,-9.56,-10.568,-9.568,-10.244,-9.661,-10.69
EGFR_decoy_L014851,decoy,development_train,-8.616,-8.745,-9.862,-8.602,-9.175,-7.963,-9.619,-9.507,-9.416,-8.382,-9.64,-9.72
EGFR_decoy_L027939,decoy,development_train,-8.317,-8.413,-9.126,-7.821,-8.453,-7.888,-9.09,-9.277,-8.594,-7.848,-9.091,-9.521
EGFR_decoy_L017288,decoy,development_train,-8.941,-9.657,-8.907,-8.312,-9.484,-8.203,-9.222,-9.733,-9.202,-8.684,-9.685,-8.923
EGFR_decoy_L029279,decoy,development_train,-8.924,-8.602,-8.985,-8.419,-8.965,-8.141,-9.332,-8.959,-8.982,-8.049,-9.217,-8.855
EGFR_decoy_L009871,decoy,development_train,-10.14,-10.251,-11.226,-9.331,-10.223,-8.877,-12.082,-11.177,-11.899,-9.4,-10.575,-11.008
EGFR_decoy_L007537,decoy,development_train,-9.939,-9.695,-10.145,-8.968,-9.966,-9.023,-9.83,-10.189,-10.239,-9.295,-10.002,-10.247
EGFR_decoy_L018520,decoy,development_train,-10.059,-9.699,-10.371,-8.93,-9.081,-9.807,-9.585,-10.525,-10.933,-9.193,-11.194,-10.126
EGFR_decoy_L020387,decoy,development_train,-9.62,-9.25,-9.885,-9.209,-10.301,-8.536,-9.695,-10.202,-11.242,-8.895,-11.259,-10.453
EGFR_decoy_L029797,decoy,development_train,-8.208,-8.624,-8.801,-7.453,-8.42,-7.387,-9.684,-8.955,-9.375,-8.197,-9.802,-8.511
EGFR_decoy_L023122,decoy,development_train,-8.216,-8.094,-8.78,-8.029,-8.383,-7.729,-9.068,-8.971,-9.066,-8.115,-9.298,-9.01
EGFR_decoy_L022380,decoy,development_train,-7.827,-8.083,-7.753,-8.161,-8.062,-7.552,-8.235,-8.431,-8.573,-7.603,-8.084,-8.508
EGFR_decoy_L019414,decoy,development_train,-8.525,-7.791,-8.61,-7.803,-8.133,-7.443,-8.333,-9.258,-8.272,-7.873,-8.125,-8.838
EGFR_decoy_L034052,decoy,development_train,-7.853,-7.425,-7.774,-6.852,-7.343,-6.671,-7.476,-7.922,-7.462,-6.685,-7.716,-8.026
EGFR_decoy_L017718,decoy,development_train,-8.42,-9.475,-9.561,-8.424,-10.369,-8.483,-10.178,-9.536,-9.424,-8.483,-10.194,-9.303
EGFR_decoy_L006596,decoy,development_train,-8.606,-8.758,-8.93,-7.455,-9.857,-7.466,-9.344,-8.397,-9.089,-8.424,-8.992,-8.957
EGFR_decoy_L030068,decoy,development_train,-8.68,-8.624,-8.802,-7.517,-8.536,-7.771,-8.875,-9.161,-9.455,-7.492,-8.852,-9.13
EGFR_decoy_L030123,decoy,development_train,-7.95,-8.631,-8.969,-7.875,-8.684,-8.06,-8.48,-9.427,-9.189,-7.932,-8.542,-8.777
EGFR_decoy_L003260,decoy,development_train,-8.668,-8.823,-9.9,-8.781,-9.147,-8.873,-8.854,-9.579,-8.377,-8.015,-8.613,-8.847
EGFR_decoy_L005010,decoy,development_train,-8.787,-8.369,-8.214,-7.527,-9.396,-7.966,-8.425,-8.688,-8.456,-8.353,-8.629,-8.531
EGFR_decoy_L005063,decoy,development_train,-8.702,-9.43,-8.709,-8.599,-8.657,-8.522,-8.779,-9.193,-8.555,-7.796,-8.613,-8.863
EGFR_decoy_L005313,decoy,development_train,-8.703,-8.438,-8.143,-8.159,-7.722,-7.912,-8.708,-8.545,-8.312,-8.451,-8.141,-8.357
EGFR_decoy_L007378,decoy,development_train,-7.61,-7.929,-7.91,-7.68,-7.873,-8.02,-7.872,-8.667,-7.608,-7.814,-8.047,-8.405
EGFR_decoy_L008015,decoy,development_train,-8.363,-9.219,-8.723,-8.416,-8.163,-7.652,-8.211,-8.829,-8.329,-8.195,-8.475,-8.531
EGFR_decoy_L008038,decoy,development_train,-8.81,-8.472,-9.074,-8.01,-9.334,-9.014,-8.55,-9.179,-8.271,-7.792,-8.238,-8.998
EGFR_decoy_L010307,decoy,development_train,-8.02,-8.29,-8.397,-7.88,-7.514,-8.088,-8.496,-8.705,-8.471,-7.251,-8.593,-8.101
EGFR_decoy_L010308,decoy,development_train,-8.28,-8.48,-8.241,-7.59,-8.369,-7.699,-8.833,-8.449,-8.083,-7.755,-8.074,-8.511
EGFR_decoy_L027411,decoy,development_train,-8.105,-7.949,-8.539,-7.35,-8.843,-8.154,-8.679,-8.883,-9.409,-7.654,-9.289,-8.656
EGFR_decoy_L027441,decoy,development_train,-8.268,-8.583,-9.064,-7.722,-8.875,-8.135,-8.542,-9.093,-8.755,-7.457,-8.461,-8.823
EGFR_decoy_L004982,decoy,development_train,-9.165,-9.13,-9.105,-8.402,-10.119,-9.068,-11.608,-9.658,-9.503,-8.641,-11.566,-9.147
EGFR_decoy_L014972,decoy,development_train,-8.468,-8.525,-9.17,-7.644,-9.124,-7.828,-9.598,-9.516,-9.302,-8.244,-9.498,-9.275
EGFR_decoy_L023584,decoy,development_train,-8.236,-8.391,-8.714,-7.235,-7.11,-7.322,-8.435,-8.957,-7.703,-7.667,-7.66,-8.398
EGFR_decoy_L008528,decoy,development_train,-6.914,-7.602,-8.092,-6.453,-7.554,-6.557,-7.955,-8.243,-7.929,-6.107,-7.972,-7.989
EGFR_decoy_L003674,decoy,development_train,-9.894,-9.281,-10.905,-9.291,-9.723,-9.375,-10.234,-10.334,-11.048,-10.467,-10.931,-10.413
EGFR_decoy_L003675,decoy,development_train,-9.583,-10.376,-11.601,-9.401,-10.062,-9.765,-11.638,-10.538,-10.828,-10.133,-11.873,-11.213
EGFR_decoy_L030620,decoy,development_train,-8.841,-9.163,-9.905,-9.174,-9.754,-9.066,-10.155,-9.859,-10.039,-8.708,-9.976,-9.703
EGFR_decoy_L029121,decoy,development_train,-10.928,-8.519,-8.552,-9.106,-10.445,-10.078,-10.288,-9.675,-10.842,-8.969,-9.993,-8.115
EGFR_decoy_L003367,decoy,development_train,-7.265,-7.274,-7.933,-7.013,-7.251,-7.071,-7.436,-7.968,-7.307,-6.842,-7.614,-7.949
EGFR_decoy_L003368,decoy,development_train,-6.67,-6.802,-7.513,-6.999,-6.156,-6.149,-6.651,-7.435,-6.179,-5.926,-6.338,-7.496
EGFR_decoy_L003378,decoy,development_train,-6.837,-6.892,-7.372,-6.701,-6.526,-6.041,-6.199,-7.75,-5.964,-6.794,-6.123,-7.967
EGFR_decoy_L003379,decoy,development_train,-6.881,-7.014,-7.597,-6.608,-6.757,-6.3,-7.012,-7.403,-6.975,-6.312,-6.378,-7.552
EGFR_decoy_L003400,decoy,development_train,-6.508,-6.574,-7.259,-7.042,-6.933,-6.348,-6.46,-7.526,-6.357,-7.193,-6.333,-6.896
EGFR_decoy_L015307,decoy,development_train,-7.127,-6.851,-8.189,-6.543,-7.095,-6.995,-7.579,-7.244,-7.594,-6.662,-7.65,-7.388
EGFR_decoy_L026023,decoy,development_train,-9.347,-9.875,-11.226,-8.75,-9.719,-8.653,-9.825,-10.611,-9.896,-9.39,-9.972,-10.665
EGFR_decoy_L032117,decoy,development_train,-8.997,-9.118,-9.985,-8.221,-10.071,-7.994,-10.232,-10.092,-10.073,-8.082,-10.339,-10.031
EGFR_decoy_L001537,decoy,development_train,-8.636,-8.314,-8.997,-7.606,-8.376,-8.597,-8.993,-8.344,-8.605,-7.828,-8.648,-8.125
EGFR_decoy_L032690,decoy,development_train,-7.98,-8.08,-7.908,-8.195,-8.741,-7.6,-8.655,-7.875,-8.487,-7.683,-8.478,-8.025
EGFR_decoy_L004792,decoy,development_train,-8.376,-8.899,-8.975,-8.185,-8.732,-7.649,-9.458,-9.027,-9.107,-7.7,-9.312,-9.133
EGFR_decoy_L003176,decoy,development_train,-7.035,-7.291,-7.219,-6.623,-6.956,-6.53,-7.997,-6.88,-7.435,-6.586,-6.917,-6.823
EGFR_decoy_L024858,decoy,development_train,-8.63,-9.184,-9.541,-8.63,-9.536,-7.912,-9.308,-10.049,-8.979,-9.262,-9.326,-10.012
EGFR_decoy_L000983,decoy,development_train,-9.497,-9.456,-10.896,-8.658,-9.138,-9.1,-10.137,-10.499,-10.575,-9.323,-10.444,-9.628
EGFR_decoy_L001475,decoy,development_train,-9.887,-9.581,-10.398,-8.57,-9.242,-8.558,-9.565,-10.263,-9.861,-9.905,-10.281,-10.495
EGFR_decoy_L023216,decoy,development_train,-7.514,-7.734,-8.193,-7.707,-9.098,-7.545,-8.742,-8.308,-8.52,-7.665,-8.753,-8.541
EGFR_decoy_L023217,decoy,development_train,-7.819,-8.132,-8.208,-7.109,-8.518,-7.275,-8.602,-8.593,-8.772,-7.346,-8.88,-8.072
EGFR_decoy_L007528,decoy,development_train,-8.666,-8.684,-9.036,-8.208,-9.744,-7.944,-9.905,-9.236,-9.759,-8.151,-9.598,-9.432
EGFR_decoy_L000195,decoy,development_train,-9.408,-9.07,-10.278,-8.264,-9.169,-8.479,-10.003,-9.77,-9.504,-8.305,-10.228,-10.015
EGFR_decoy_L000946,decoy,development_train,-8.981,-9.196,-9.265,-8.899,-8.61,-8.452,-10.049,-9.16,-8.827,-8.387,-9.733,-9.412
EGFR_decoy_L011840,decoy,development_train,-9.327,-9.091,-10.319,-8.016,-9.071,-8.248,-10.057,-10.114,-10.206,-8.081,-10.091,-10.154
EGFR_decoy_L022941,decoy,development_train,-8.677,-9.208,-10.035,-8.329,-9.206,-8.803,-10.192,-9.715,-9.336,-8.33,-10.066,-9.954
EGFR_decoy_L032990,decoy,development_train,-7.844,-8.27,-9.31,-8.256,-8.562,-7.779,-9.662,-9.721,-9.289,-7.92,-9.319,-8.639
EGFR_decoy_L031945,decoy,development_train,-9.296,-9.041,-9.432,-8.504,-8.902,-8.579,-9.72,-9.473,-9.048,-8.514,-8.912,-9.693
EGFR_decoy_L028811,decoy,development_train,-9.188,-9.628,-9.741,-9.495,-9.947,-9.842,-10.323,-9.643,-9.585,-9.419,-11.32,-9.674
EGFR_decoy_L000805,decoy,development_train,-8.197,-8.129,-9.22,-7.237,-9.173,-7.078,-7.943,-8.945,-7.851,-8.2,-7.743,-9.024
EGFR_decoy_L017126,decoy,development_train,-9.293,-8.285,-9.495,-8.238,-8.43,-8.293,-8.878,-9.164,-9.149,-8.019,-8.539,-8.873
EGFR_decoy_L025589,decoy,development_train,-7.906,-7.742,-8.071,-7.07,-8.015,-7.241,-8.494,-8.156,-7.791,-7.474,-8.143,-8.335
EGFR_decoy_L002573,decoy,development_train,-9.53,-9.527,-9.738,-8.623,-8.914,-9.241,-9.65,-9.419,-9.669,-8.464,-8.926,-9.907
EGFR_decoy_L001333,decoy,development_train,-8.321,-8.126,-9.008,-7.665,-9.037,-7.527,-9.012,-9.04,-8.998,-7.839,-9.321,-9.045
EGFR_decoy_L002233,decoy,development_train,-8.553,-8.998,-9.094,-7.837,-10.07,-7.516,-9.703,-9.149,-9.457,-8.003,-9.817,-9.176
EGFR_decoy_L027199,decoy,development_train,-8.777,-9.333,-9.82,-8.087,-8.554,-8.624,-8.518,-9.491,-9.408,-8.261,-10.597,-9.755
EGFR_decoy_L015563,decoy,development_train,-8.853,-7.82,-8.437,-7.829,-8.043,-8.08,-8.3,-8.983,-7.981,-7.902,-8.082,-8.549
EGFR_decoy_L025862,decoy,development_train,-7.99,-7.932,-8.271,-7.229,-7.653,-7.816,-9.21,-8.215,-8.47,-7.673,-8.505,-7.792
EGFR_decoy_L000101,decoy,development_train,-8.708,-8.204,-9.547,-7.577,-8.617,-7.888,-8.131,-9.434,-8.153,-7.949,-8.224,-9.5
EGFR_decoy_L000820,decoy,development_train,-8.966,-8.5,-7.363,-8.37,-7.727,-7.711,-7.857,-7.506,-8.733,-7.556,-8.34,-7.553
EGFR_decoy_L006752,decoy,development_train,-8.298,-8.127,-7.202,-7.088,-7.274,-6.904,-7.442,-6.662,-7.989,-7.565,-7.904,-6.586
EGFR_decoy_L031551,decoy,development_train,-8.28,-8.17,-7.312,-7.232,-7.788,-7.285,-7.704,-8.765,-7.921,-7.698,-7.298,-8.496
EGFR_decoy_L034753,decoy,development_train,-7.356,-7.421,-7.87,-8.185,-8.289,-7.586,-8.277,-7.858,-8.36,-7.875,-8.164,-7.644
EGFR_decoy_L025507,decoy,development_train,-8.38,-9.244,-8.921,-7.634,-8.517,-8.804,-9.444,-8.758,-9.024,-8.427,-8.94,-8.649
EGFR_decoy_L030659,decoy,development_train,-8.372,-9.171,-8.533,-7.206,-8.453,-8.522,-8.277,-9.893,-8.473,-7.961,-7.803,-8.805
EGFR_decoy_L015419,decoy,development_train,-8.972,-8.451,-9.088,-8.462,-8.537,-8.63,-8.85,-8.859,-8.862,-8.249,-9.406,-8.765
EGFR_decoy_L023407,decoy,development_train,-7.954,-8.431,-8.503,-7.328,-8.45,-7.377,-9.226,-8.468,-8.72,-7.574,-8.623,-8.548
EGFR_decoy_L002212,decoy,development_train,-8.371,-8.663,-8.457,-7.571,-9.129,-8.105,-9.688,-8.86,-9.857,-8.152,-9.918,-8.763
EGFR_decoy_L003239,decoy,development_train,-8.147,-8.144,-8.701,-7.416,-9.164,-7.912,-9.752,-8.649,-9.713,-7.918,-9.938,-8.566
EGFR_decoy_L007229,decoy,development_train,-7.848,-8.466,-8.962,-7.07,-9.109,-7.311,-7.937,-8.983,-8.008,-7.506,-8.483,-9.133
EGFR_decoy_L007230,decoy,development_train,-7.924,-8.646,-9.03,-7.437,-9.391,-7.457,-8.509,-9.045,-8.341,-7.735,-8.728,-9.131
EGFR_decoy_L016806,decoy,development_train,-7.934,-8.289,-8.803,-7.877,-8.682,-7.611,-9.353,-8.504,-9.103,-7.64,-9.169,-8.677
EGFR_decoy_L021131,decoy,development_train,-8.825,-8.352,-9.977,-8.394,-8.155,-8.032,-8.786,-9.048,-8.522,-8.269,-8.042,-9.24
EGFR_decoy_L007310,decoy,development_train,-5.495,-5.583,-5.303,-5.196,-5.015,-5.305,-6.348,-5.546,-5.471,-4.81,-5.496,-5.621
EGFR_decoy_L010487,decoy,development_train,-10.241,-9.684,-9.438,-8.966,-9.94,-8.932,-10.47,-10.059,-9.636,-9.768,-9.729,-9.432
EGFR_decoy_L019072,decoy,development_train,-8.399,-8.789,-8.881,-8.222,-10.06,-8.237,-10.135,-8.925,-9.898,-8.824,-9.792,-9.288
EGFR_decoy_L003671,decoy,development_train,-7.491,-7.62,-8.294,-7.686,-9.32,-8.453,-8.589,-7.884,-9.208,-8.044,-8.8,-7.68
EGFR_decoy_L000438,decoy,development_train,-9.077,-9.455,-8.546,-8.624,-8.726,-8.715,-10.087,-8.865,-9.244,-8.881,-9.831,-8.935
EGFR_decoy_L033639,decoy,development_train,-9.269,-9.238,-9.705,-8.803,-10.049,-9.362,-9.879,-9.859,-9.625,-9.081,-9.963,-9.869
EGFR_decoy_L016924,decoy,development_train,-8.271,-8.514,-9.419,-8.033,-9.37,-7.908,-9.484,-9.663,-8.93,-7.906,-9.492,-9.428
EGFR_decoy_L011553,decoy,development_train,-8.747,-9.111,-10.488,-8.865,-9.54,-8.94,-11.237,-10.168,-9.433,-9.005,-11.014,-10.473
EGFR_decoy_L028623,decoy,development_train,-6.882,-6.928,-7.109,-6.711,-7.402,-6.774,-8.147,-6.954,-7.014,-6.771,-7.505,-7.027
EGFR_decoy_L001355,decoy,development_train,-7.269,-7.813,-8.325,-7.107,-7.96,-6.675,-7.841,-7.911,-7.853,-6.997,-7.728,-8.291
EGFR_decoy_L015791,decoy,development_train,-7.674,-8.063,-8.136,-6.801,-8.045,-7.084,-8.643,-8.252,-8.378,-7.287,-8.668,-8.392
EGFR_decoy_L016839,decoy,development_train,-8.183,-7.831,-8.245,-7.335,-8.344,-7.076,-8.625,-8.048,-8.561,-7.368,-8.753,-8.191
EGFR_decoy_L033331,decoy,development_train,-8.672,-8.771,-9.824,-8.61,-8.587,-8.15,-9.507,-9.03,-9.142,-8.412,-9.131,-9.673
EGFR_decoy_L031252,decoy,development_train,-8.337,-8.424,-8.865,-7.576,-9.02,-7.443,-9.076,-8.736,-8.719,-7.891,-8.669,-8.832
EGFR_decoy_L010444,decoy,development_train,-10.384,-9.466,-9.793,-9.153,-9.167,-9.126,-9.399,-9.218,-9.775,-9.022,-9.361,-9.144
EGFR_decoy_L010449,decoy,development_train,-9.99,-10.02,-9.76,-9.119,-9.23,-8.831,-10.001,-9.593,-10.238,-9.731,-9.532,-9.86
EGFR_decoy_L017991,decoy,development_train,-10.429,-10.298,-9.702,-8.76,-9.615,-9.161,-9.972,-9.333,-10.287,-9.766,-10.1,-9.892
EGFR_decoy_L017992,decoy,development_train,-8.358,-8.395,-8.373,-7.966,-8.403,-8.661,-9.061,-9.159,-9.167,-8.344,-8.451,-8.23
EGFR_decoy_L017993,decoy,development_train,-10.402,-9.963,-9.507,-8.832,-9.484,-8.645,-9.828,-9.497,-10.297,-9.788,-9.815,-9.603
EGFR_decoy_L017994,decoy,development_train,-9.487,-9.011,-11.202,-8.257,-9.059,-9.035,-10.122,-10.679,-9.811,-8.426,-9.851,-10.541
EGFR_decoy_L017995,decoy,development_train,-9.765,-9.614,-9.689,-9.177,-8.949,-8.446,-9.259,-10.255,-9.701,-9.611,-10.025,-9.737
EGFR_decoy_L017998,decoy,development_train,-8.544,-8.661,-8.631,-7.924,-8.941,-8.48,-9.171,-9.392,-9.263,-8.448,-8.331,-8.667
EGFR_decoy_L030350,decoy,development_train,-8.218,-8.748,-9.305,-7.784,-9.501,-8.128,-9.955,-9.28,-9.571,-7.847,-9.747,-9.239
EGFR_decoy_L031312,decoy,development_train,-8.852,-8.141,-8.633,-7.538,-8.867,-7.837,-8.791,-8.173,-8.561,-8.059,-8.174,-8.201
EGFR_decoy_L005848,decoy,development_train,-8.207,-8.74,-9.537,-8.581,-9.911,-7.732,-9.262,-9.853,-10.083,-9.548,-10.567,-10.166
EGFR_decoy_L005896,decoy,development_train,-8.406,-8.394,-9.716,-8.489,-9.958,-7.866,-10.295,-9.524,-10.066,-9.737,-10.585,-10.083
EGFR_decoy_L007524,decoy,development_train,-9.676,-10.162,-11.272,-9.993,-10.294,-9.075,-10.712,-10.617,-10.495,-9.143,-9.974,-11.479
EGFR_decoy_L004586,decoy,development_train,-9.206,-9.154,-9.362,-8.839,-9.308,-9.124,-10.314,-9.267,-9.406,-9.037,-9.68,-9.226
EGFR_decoy_L026012,decoy,development_train,-8.028,-8.749,-8.534,-7.84,-9.151,-7.903,-9.194,-8.995,-8.76,-8.253,-9.318,-8.416
EGFR_decoy_L020018,decoy,development_train,-9.88,-10.524,-10.972,-9.056,-9.894,-9.361,-9.828,-10.853,-9.82,-9.112,-10.057,-11.337
EGFR_decoy_L020887,decoy,development_train,-11.061,-10.263,-11.182,-10.16,-11.587,-9.755,-11.504,-11.232,-11.718,-10.064,-12.145,-10.825
EGFR_decoy_L020888,decoy,development_train,-10.319,-10.012,-11.361,-9.898,-11.441,-9.565,-10.528,-10.553,-11.279,-10.064,-11.118,-10.759
EGFR_decoy_L016021,decoy,development_train,-7.205,-7.192,-7.64,-6.681,-9.063,-7.098,-7.884,-7.543,-7.602,-7.171,-7.778,-7.916
EGFR_decoy_L016022,decoy,development_train,-7.177,-7.895,-7.959,-6.714,-8.736,-7.135,-7.757,-7.981,-7.603,-6.952,-7.849,-8.132
EGFR_decoy_L021658,decoy,development_train,-9.151,-9.074,-9.25,-7.871,-9.807,-8.354,-10.309,-9.347,-9.876,-8.361,-10.124,-9.438
EGFR_decoy_L031779,decoy,development_train,-8.802,-9.131,-9.544,-7.657,-10.095,-8.928,-10.715,-9.844,-9.954,-8.481,-10.879,-9.991
EGFR_decoy_L029749,decoy,development_train,-7.49,-8.088,-7.776,-7.575,-7.513,-7.231,-8.388,-7.798,-8.302,-7.629,-8.1,-7.393
EGFR_decoy_L025348,decoy,development_train,-8.561,-9.042,-10.355,-8.651,-10.794,-8.424,-10.437,-9.791,-10.146,-8.084,-10.16,-10.152
EGFR_decoy_L033744,decoy,development_train,-9.415,-8.885,-10.257,-7.387,-11.114,-7.837,-11.205,-9.839,-10.938,-7.833,-10.943,-10.267
EGFR_decoy_L032464,decoy,development_train,-8.016,-8.118,-8.351,-8.238,-7.333,-7.487,-7.616,-8.277,-8.073,-7.363,-7.566,-8.209
EGFR_decoy_L005951,decoy,development_train,-8.844,-8.677,-9.204,-8.355,-8.366,-8.458,-8.336,-9.093,-8.872,-8.292,-8.468,-9.241
EGFR_decoy_L005996,decoy,development_train,-7.097,-7.423,-8.231,-7.372,-7.893,-7.446,-8.874,-7.552,-9.19,-7.338,-8.466,-7.55
EGFR_decoy_L016651,decoy,development_train,-8.473,-8.77,-8.684,-7.891,-8.726,-8.635,-9.697,-9.085,-9.182,-8.321,-9.602,-9.045
EGFR_decoy_L006622,decoy,development_train,-8.882,-8.86,-9.015,-7.596,-8.621,-7.493,-8.959,-9.209,-9.133,-8.189,-9.001,-8.881
EGFR_decoy_L022853,decoy,development_train,-7.011,-6.791,-8.051,-6.716,-8.274,-6.401,-8.131,-7.697,-8.059,-6.783,-8.184,-7.627
EGFR_decoy_L012533,decoy,development_train,-9.347,-9.95,-10.146,-9.068,-11.189,-9.088,-11.133,-10.118,-10.951,-9.242,-11.041,-10.307
EGFR_decoy_L008801,decoy,development_train,-8.448,-8.422,-8.721,-8.479,-8.816,-8.735,-9.231,-8.765,-8.797,-8.473,-9.08,-8.94
EGFR_decoy_L008802,decoy,development_train,-8.597,-8.317,-8.812,-8.621,-8.676,-9.298,-9.216,-9.282,-8.792,-8.801,-9.405,-9.094
EGFR_decoy_L023753,decoy,development_train,-8.679,-8.969,-8.573,-7.856,-8.57,-7.866,-8.932,-8.757,-8.937,-7.873,-8.43,-9.081
EGFR_decoy_L026611,decoy,development_train,-9.023,-8.853,-9.759,-7.916,-11.017,-7.996,-9.748,-9.34,-9.271,-8.522,-9.64,-9.287
EGFR_decoy_L033001,decoy,development_train,-7.552,-7.762,-8.737,-7.446,-8.402,-7.17,-8.389,-8.513,-8.355,-7.659,-8.706,-8.307
EGFR_decoy_L019178,decoy,development_train,-7.893,-8.061,-8.735,-7.092,-8.941,-7.388,-8.945,-8.396,-9.367,-8.012,-9.064,-8.792
EGFR_decoy_L015747,decoy,development_train,-10.134,-10.48,-10.321,-9.974,-10.333,-9.481,-10.095,-10.754,-11.176,-10.681,-10.731,-10.469
EGFR_decoy_L018037,decoy,development_train,-10.333,-10.667,-10.448,-10.35,-11.015,-10.113,-10.766,-10.994,-11.339,-11.151,-11.036,-10.746
EGFR_decoy_L021684,decoy,development_train,-8.572,-8.457,-9.485,-7.98,-9.21,-7.899,-9.732,-9.413,-9.489,-8.079,-10.056,-9.447
EGFR_decoy_L001293,decoy,development_train,-9.842,-9.861,-10.018,-8.824,-10.347,-8.742,-10.56,-10.426,-10.148,-9.413,-10.035,-10.656
EGFR_decoy_L008280,decoy,development_train,-7.364,-7.522,-7.709,-6.571,-7.65,-6.825,-7.866,-7.7,-7.869,-7.117,-8.316,-7.947
EGFR_decoy_L027031,decoy,development_train,-7.47,-7.98,-7.768,-6.89,-7.905,-7.096,-8.408,-8.028,-8.306,-7.331,-8.056,-7.793
EGFR_decoy_L027032,decoy,development_train,-6.919,-7.289,-7.739,-6.621,-7.728,-6.386,-8.264,-7.844,-8.149,-7.068,-8.243,-7.642
EGFR_decoy_L007231,decoy,development_train,-7.974,-8.108,-8.625,-7.625,-8.833,-7.697,-8.598,-8.819,-8.44,-7.873,-8.51,-8.762
EGFR_decoy_L032988,decoy,development_train,-8.035,-8.428,-9.292,-8.625,-9.19,-8.179,-9.184,-8.654,-9.158,-7.969,-9.064,-8.9
EGFR_decoy_L015769,decoy,development_train,-8.574,-8.537,-8.952,-7.937,-8.714,-7.036,-8.523,-9.011,-9.545,-7.57,-9.387,-9.04
EGFR_decoy_L013266,decoy,development_train,-9.606,-9.918,-10.173,-9.191,-10.254,-8.992,-10.186,-10.767,-10.247,-9.513,-10.511,-11.188
EGFR_decoy_L001090,decoy,development_train,-8.903,-9.424,-10.357,-8.814,-9.155,-8.818,-9.662,-9.825,-9.773,-8.548,-9.585,-9.794
EGFR_decoy_L001091,decoy,development_train,-8.472,-9.542,-9.924,-8.346,-9.582,-8.054,-9.333,-9.597,-9.514,-8.543,-9.984,-9.677
EGFR_decoy_L023097,decoy,development_train,-7.668,-7.711,-7.728,-6.908,-8.897,-7.364,-8.021,-8.027,-8.153,-7.396,-8.335,-8.147
EGFR_decoy_L028933,decoy,development_train,-8.774,-8.338,-8.668,-8.069,-8.82,-7.888,-9.33,-9.468,-9.186,-7.474,-8.861,-8.66
EGFR_decoy_L004947,decoy,development_train,-7.919,-7.849,-8.128,-7.526,-7.469,-7.396,-8.744,-8.312,-7.947,-6.966,-8.431,-8.154
EGFR_decoy_L009531,decoy,development_train,-7.679,-8.441,-8.53,-7.591,-9.394,-7.557,-9.619,-9.005,-9.158,-7.379,-9.19,-8.246
EGFR_decoy_L002613,decoy,development_train,-8.434,-8.569,-9.086,-7.922,-8.609,-7.752,-9.066,-9.147,-8.871,-7.992,-8.94,-9.137
EGFR_decoy_L020615,decoy,development_train,-8.578,-8.575,-9.009,-7.925,-8.594,-7.953,-9.091,-8.693,-8.659,-8.092,-8.495,-8.976
EGFR_decoy_L007692,decoy,development_train,-9.222,-9.371,-9.956,-8.907,-8.219,-7.848,-9.195,-10.247,-9.628,-7.489,-9.956,-10.38
EGFR_decoy_L007738,decoy,development_train,-9.935,-8.975,-9.598,-7.254,-9.04,-7.508,-9.6,-10.062,-10.083,-8.748,-9.138,-9.668
EGFR_decoy_L009640,decoy,development_train,-7.878,-8.47,-8.763,-7.993,-9.315,-8.243,-9.89,-8.442,-9.966,-7.962,-10.283,-8.78
EGFR_decoy_L021235,decoy,development_train,-9.047,-9.321,-9.206,-9.138,-9.815,-8.862,-9.449,-9.336,-10.455,-9.773,-9.992,-9.726
EGFR_decoy_L021236,decoy,development_train,-9.859,-10.178,-10.964,-8.924,-10.33,-8.69,-10.462,-10.672,-10.029,-10.346,-9.652,-10.838
EGFR_decoy_L026065,decoy,development_train,-8.527,-9.072,-9.61,-7.617,-8.644,-8.142,-8.967,-9.386,-9.906,-7.885,-8.839,-9.586
EGFR_decoy_L019534,decoy,development_train,-7.116,-7.564,-8.067,-6.711,-7.748,-6.715,-8.267,-7.976,-7.611,-5.829,-8.111,-8.122
EGFR_decoy_L026014,decoy,development_train,-7.729,-8.105,-7.954,-7.561,-7.81,-7.238,-8.317,-7.979,-8.058,-7.173,-8.228,-7.553
EGFR_decoy_L022747,decoy,development_train,-8.946,-9.144,-9.558,-8.366,-10.159,-8.172,-10.449,-9.128,-10.151,-9.23,-10.563,-9.95
EGFR_decoy_L018056,decoy,development_train,-10.939,-10.621,-10.95,-8.776,-10.43,-9.687,-10.91,-10.787,-10.925,-9.477,-10.159,-10.878
EGFR_decoy_L023373,decoy,development_train,-9.273,-8.963,-8.919,-8.437,-8.919,-8.919,-9.59,-9.498,-9.422,-8.581,-9.645,-9.444
EGFR_decoy_L022808,decoy,development_train,-8.132,-8.677,-9.015,-7.432,-7.868,-7.314,-8.057,-8.939,-8.431,-7.722,-7.688,-9.084
EGFR_decoy_L003888,decoy,development_train,-6.406,-6.771,-7.749,-6.95,-7.484,-6.561,-7.556,-7.314,-7.291,-6.42,-7.653,-7.72
EGFR_decoy_L009390,decoy,development_train,-7.717,-7.962,-7.725,-7.126,-7.814,-7.556,-8.116,-8.34,-8.445,-7.814,-8.628,-7.765
EGFR_decoy_L009482,decoy,development_train,-8.765,-7.293,-7.791,-7.522,-9.862,-7.407,-8.829,-8.107,-8.471,-7.713,-8.005,-7.869
EGFR_decoy_L033455,decoy,development_train,-8.701,-8.154,-9.519,-8.222,-10.31,-7.786,-10.506,-9.6,-10.213,-7.798,-10.707,-9.216
EGFR_decoy_L018094,decoy,development_train,-10.013,-10.096,-8.921,-9.165,-9.167,-8.533,-9.731,-10.401,-8.996,-8.643,-10.561,-9.117
EGFR_decoy_L034386,decoy,development_train,-8.552,-8.236,-9.086,-8.001,-9.378,-7.574,-9.263,-9.86,-9.275,-8.995,-8.693,-9.073
EGFR_decoy_L010421,decoy,development_train,-7.275,-7.798,-8.857,-6.901,-7.181,-6.519,-7.466,-8.409,-7.575,-6.946,-7.483,-8.546
EGFR_decoy_L007571,decoy,development_train,-9.885,-10.197,-10.002,-8.561,-9.528,-8.494,-9.837,-9.946,-9.904,-9.208,-10.167,-10.236
EGFR_decoy_L001859,decoy,development_train,-10.077,-9.845,-10.366,-7.91,-10.163,-7.92,-8.796,-10.663,-9.067,-7.534,-8.946,-10.648
EGFR_decoy_L023351,decoy,development_train,-8.954,-9.337,-10.245,-8.504,-9.817,-8.333,-10.404,-10.027,-10.214,-9.166,-10.498,-10.48
EGFR_decoy_L014994,decoy,development_train,-7.38,-7.992,-8.081,-8.192,-7.584,-7.332,-8.602,-8.479,-8.408,-7.046,-8.594,-8.034
EGFR_decoy_L010550,decoy,development_train,-8.711,-8.433,-9.282,-7.842,-8.743,-7.616,-9.219,-9.515,-9.024,-8.064,-9.53,-9.456
EGFR_decoy_L022071,decoy,development_train,-8.334,-8.259,-8.919,-7.754,-8.041,-7.629,-9.554,-8.55,-9.035,-8.884,-9.358,-8.426
EGFR_decoy_L029460,decoy,development_train,-8.501,-8.527,-9.151,-8.118,-9.11,-7.893,-8.742,-8.927,-8.49,-8.716,-8.72,-9.018
EGFR_decoy_L021145,decoy,development_train,-8.72,-9.878,-8.986,-7.577,-10.171,-8.586,-9.13,-10.059,-9.821,-7.424,-9.555,-10.136
EGFR_decoy_L020849,decoy,development_train,-7.448,-7.367,-8.397,-7.128,-8.927,-7.302,-9.098,-8.344,-9.0,-6.98,-8.7,-8.014
EGFR_decoy_L025473,decoy,development_train,-7.899,-8.184,-8.541,-7.478,-7.385,-7.689,-7.416,-8.625,-7.501,-7.206,-7.454,-8.752
EGFR_decoy_L019357,decoy,development_train,-6.396,-6.171,-7.152,-6.733,-7.636,-6.488,-7.014,-6.964,-8.116,-7.618,-7.997,-7.293
EGFR_decoy_L019511,decoy,development_train,-7.524,-7.794,-8.233,-7.228,-7.96,-6.967,-8.745,-8.399,-8.591,-7.025,-9.01,-8.341
EGFR_decoy_L031659,decoy,development_train,-7.82,-8.046,-7.856,-7.565,-8.014,-7.056,-8.461,-8.192,-8.247,-7.089,-8.069,-8.102
EGFR_decoy_L021137,decoy,development_train,-8.612,-8.926,-9.387,-8.319,-10.299,-7.946,-10.537,-9.136,-9.921,-8.409,-10.311,-9.591
EGFR_decoy_L007887,decoy,development_train,-9.948,-9.997,-10.871,-8.91,-9.584,-9.778,-10.564,-10.532,-9.702,-9.068,-9.703,-10.734
EGFR_decoy_L030865,decoy,development_train,-8.331,-8.222,-8.78,-8.061,-8.903,-7.581,-10.036,-9.496,-9.74,-8.951,-9.79,-9.113
EGFR_decoy_L006508,decoy,development_train,-8.351,-8.381,-8.859,-8.562,-9.272,-8.228,-9.895,-9.035,-9.153,-8.753,-9.445,-9.117
EGFR_decoy_L011188,decoy,development_train,-9.016,-9.761,-9.775,-8.607,-9.723,-8.852,-10.668,-9.53,-10.258,-9.07,-9.385,-9.638
EGFR_decoy_L024988,decoy,development_train,-9.348,-9.052,-9.967,-8.212,-9.661,-8.438,-10.184,-9.422,-9.935,-8.249,-9.589,-9.829
EGFR_decoy_L020575,decoy,development_train,-8.756,-9.475,-9.902,-9.08,-9.523,-8.623,-9.273,-9.592,-9.174,-8.843,-9.37,-10.117
EGFR_decoy_L006102,decoy,development_train,-7.878,-8.463,-9.018,-7.346,-8.613,-7.407,-9.6,-8.377,-9.016,-7.188,-9.373,-8.731
EGFR_decoy_L000800,decoy,development_train,-8.834,-8.722,-9.229,-7.646,-9.331,-7.693,-9.447,-9.056,-9.605,-7.881,-9.482,-9.149
EGFR_decoy_L001962,decoy,development_train,-7.908,-8.215,-8.968,-7.807,-8.532,-7.916,-9.195,-8.673,-9.049,-7.675,-9.02,-8.948
EGFR_decoy_L013741,decoy,development_train,-8.353,-8.473,-9.682,-7.645,-8.059,-8.024,-8.619,-9.455,-8.709,-7.863,-8.594,-9.663
EGFR_decoy_L031707,decoy,development_train,-8.646,-8.842,-9.503,-8.252,-8.812,-8.24,-10.005,-9.519,-9.532,-8.597,-10.081,-9.495
EGFR_decoy_L012108,decoy,development_train,-9.57,-8.877,-9.232,-8.743,-8.964,-8.293,-9.732,-9.912,-9.336,-8.389,-9.291,-9.121
EGFR_decoy_L034861,decoy,development_train,-8.727,-8.576,-9.503,-7.509,-8.693,-8.044,-9.339,-9.371,-9.616,-8.412,-9.306,-9.289
EGFR_decoy_L003747,decoy,development_train,-8.566,-8.166,-9.887,-7.659,-9.322,-7.054,-8.782,-9.055,-9.076,-7.541,-8.931,-9.309
EGFR_decoy_L002020,decoy,development_train,-8.476,-8.733,-9.393,-8.419,-9.321,-8.046,-9.587,-9.434,-9.793,-8.625,-9.699,-9.426
EGFR_decoy_L012731,decoy,development_train,-7.765,-7.416,-8.143,-7.672,-8.134,-7.227,-8.816,-8.296,-7.877,-6.998,-9.068,-8.38
EGFR_decoy_L001619,decoy,development_train,-7.554,-7.397,-7.639,-7.498,-7.018,-7.058,-7.421,-7.982,-7.491,-6.623,-7.006,-7.842
EGFR_decoy_L007320,decoy,development_train,-6.839,-6.454,-7.177,-6.085,-6.676,-5.479,-6.423,-7.309,-6.725,-6.259,-6.528,-7.382
EGFR_decoy_L007321,decoy,development_train,-6.973,-6.752,-7.24,-6.681,-6.808,-6.553,-7.085,-7.506,-7.16,-6.934,-7.497,-7.562
EGFR_decoy_L007323,decoy,development_train,-6.464,-6.674,-6.81,-6.097,-6.83,-6.546,-7.826,-6.921,-7.553,-6.3,-7.227,-6.836
EGFR_decoy_L033772,decoy,development_train,-6.757,-7.241,-7.112,-6.253,-6.901,-6.717,-7.685,-7.346,-7.551,-6.764,-7.342,-7.797
EGFR_decoy_L003160,decoy,development_train,-8.197,-8.44,-8.465,-7.735,-8.541,-8.042,-9.182,-8.269,-8.94,-7.903,-9.234,-8.693
EGFR_decoy_L003168,decoy,development_train,-7.713,-7.839,-7.994,-7.645,-7.936,-7.706,-9.543,-8.256,-9.203,-7.719,-9.161,-8.216
EGFR_decoy_L034028,decoy,development_train,-8.508,-8.532,-9.172,-7.108,-8.613,-7.546,-9.007,-9.216,-8.336,-8.626,-9.023,-8.64
EGFR_decoy_L027787,decoy,development_train,-9.032,-8.883,-9.64,-8.096,-8.623,-8.027,-10.248,-9.522,-9.58,-8.043,-10.154,-10.195
EGFR_decoy_L017068,decoy,development_train,-10.116,-10.297,-11.492,-9.353,-10.566,-8.256,-10.78,-11.171,-10.719,-9.095,-10.599,-10.867
EGFR_decoy_L025841,decoy,development_train,-8.133,-7.955,-9.02,-7.367,-7.948,-6.926,-9.333,-9.033,-9.066,-7.393,-8.904,-9.236
EGFR_decoy_L030656,decoy,development_train,-8.827,-9.076,-10.171,-8.078,-10.078,-8.107,-9.966,-9.491,-9.567,-8.932,-9.67,-9.598
EGFR_decoy_L019012,decoy,development_train,-8.46,-8.256,-8.785,-8.398,-8.919,-8.194,-8.908,-8.662,-8.666,-8.402,-8.947,-8.586
EGFR_decoy_L019269,decoy,development_train,-8.391,-8.059,-8.745,-7.944,-9.364,-7.673,-8.728,-9.112,-8.644,-7.677,-8.675,-8.875
EGFR_decoy_L019270,decoy,development_train,-7.912,-7.9,-9.256,-7.726,-8.886,-7.255,-9.155,-8.351,-8.646,-7.66,-9.095,-9.151
EGFR_decoy_L009889,decoy,development_train,-8.895,-8.739,-9.696,-7.979,-9.31,-8.378,-9.039,-9.428,-9.111,-8.342,-9.211,-9.893
EGFR_decoy_L029895,decoy,development_train,-8.563,-8.48,-9.544,-8.148,-8.921,-8.393,-10.261,-9.008,-9.327,-7.99,-9.655,-9.32
EGFR_decoy_L000768,decoy,development_train,-7.5,-7.15,-8.569,-6.916,-7.371,-7.209,-8.093,-8.304,-7.895,-7.007,-7.426,-8.726
EGFR_decoy_L014945,decoy,development_train,-9.698,-9.426,-10.622,-7.836,-8.801,-8.091,-10.293,-10.605,-9.472,-7.834,-10.573,-10.343
EGFR_decoy_L020719,decoy,development_train,-9.415,-9.032,-9.753,-7.739,-9.244,-8.275,-9.449,-9.922,-9.146,-8.213,-9.422,-9.469
EGFR_decoy_L007737,decoy,development_train,-8.349,-8.96,-10.053,-8.22,-9.148,-8.083,-9.265,-10.222,-9.582,-7.702,-8.38,-10.289
EGFR_decoy_L028856,decoy,development_train,-10.148,-9.403,-9.952,-8.312,-9.88,-8.885,-10.146,-9.872,-9.903,-9.042,-10.162,-10.032
EGFR_decoy_L028857,decoy,development_train,-9.681,-9.22,-10.038,-8.982,-9.354,-9.469,-10.347,-9.119,-10.198,-9.464,-10.547,-9.162
EGFR_decoy_L030509,decoy,development_train,-9.116,-8.938,-9.039,-8.139,-10.449,-8.434,-9.986,-9.252,-9.558,-8.489,-9.947,-9.602
EGFR_decoy_L030510,decoy,development_train,-10.112,-9.413,-10.542,-8.303,-9.839,-8.794,-9.965,-10.403,-9.905,-8.209,-10.51,-10.432
EGFR_decoy_L030511,decoy,development_train,-9.33,-9.327,-9.44,-8.749,-9.537,-8.566,-9.522,-10.004,-9.441,-8.702,-9.574,-10.1
EGFR_decoy_L027100,decoy,development_train,-9.134,-8.09,-8.683,-8.452,-10.336,-8.366,-9.174,-9.445,-8.855,-8.316,-9.561,-9.472
EGFR_decoy_L011017,decoy,development_train,-8.375,-8.644,-9.07,-8.106,-8.051,-7.608,-8.563,-8.696,-8.194,-8.384,-8.657,-9.6
EGFR_decoy_L033715,decoy,development_train,-9.81,-9.473,-9.478,-9.337,-9.241,-9.179,-9.616,-10.125,-10.104,-9.374,-10.322,-10.16
EGFR_decoy_L013171,decoy,development_train,-8.354,-8.657,-8.655,-7.823,-8.45,-7.461,-8.443,-8.264,-8.5,-7.803,-9.021,-8.03
EGFR_decoy_L027813,decoy,development_train,-8.065,-8.261,-8.541,-7.722,-8.691,-7.829,-9.543,-8.759,-9.628,-7.355,-9.425,-8.671
EGFR_decoy_L002183,decoy,development_train,-8.98,-8.564,-8.777,-7.876,-9.553,-8.17,-9.611,-9.087,-9.782,-7.944,-9.764,-8.976
EGFR_decoy_L021458,decoy,development_train,-8.181,-8.231,-9.101,-7.907,-8.537,-7.661,-9.048,-9.042,-8.737,-7.879,-9.489,-9.213
EGFR_decoy_L023372,decoy,development_train,-8.608,-9.186,-9.277,-8.676,-9.603,-8.185,-9.623,-9.689,-9.596,-8.133,-10.366,-9.555
EGFR_decoy_L030845,decoy,development_train,-8.686,-8.96,-9.908,-7.946,-9.997,-7.94,-9.566,-9.714,-9.576,-8.486,-9.749,-9.672
EGFR_decoy_L002922,decoy,development_train,-8.126,-8.305,-8.73,-8.005,-9.44,-7.662,-9.441,-8.919,-9.413,-7.763,-9.503,-8.824
EGFR_decoy_L013581,decoy,development_train,-8.489,-8.698,-8.505,-8.096,-8.982,-7.512,-9.367,-8.949,-8.827,-7.572,-9.512,-8.863
EGFR_decoy_L008151,decoy,development_train,-9.31,-9.441,-10.254,-8.61,-8.892,-8.515,-9.632,-10.509,-10.042,-8.426,-9.843,-9.901
EGFR_decoy_L015227,decoy,development_train,-8.222,-8.125,-8.829,-7.46,-8.035,-7.088,-8.674,-8.951,-8.267,-7.743,-8.716,-9.02
EGFR_decoy_L018607,decoy,development_train,-9.015,-9.412,-8.879,-8.077,-9.317,-8.597,-10.193,-9.494,-9.486,-8.967,-9.913,-9.565
EGFR_decoy_L031764,decoy,development_train,-7.771,-7.478,-8.107,-7.328,-8.423,-7.206,-8.834,-8.13,-8.276,-7.205,-8.811,-8.502
EGFR_decoy_L006345,decoy,development_train,-8.709,-8.196,-9.407,-8.568,-8.609,-8.954,-9.589,-9.48,-9.268,-8.598,-9.937,-9.595
EGFR_decoy_L026849,decoy,development_train,-9.01,-8.737,-10.205,-7.52,-9.542,-7.389,-9.05,-9.855,-9.95,-7.408,-10.2,-9.989
EGFR_decoy_L026850,decoy,development_train,-8.837,-8.535,-9.198,-7.816,-8.708,-7.451,-9.217,-9.424,-9.877,-7.853,-9.077,-9.341
EGFR_decoy_L004804,decoy,development_train,-8.51,-8.989,-9.134,-7.841,-9.801,-7.473,-9.102,-8.824,-8.73,-7.67,-9.076,-9.049
EGFR_decoy_L022707,decoy,development_train,-8.182,-7.643,-9.16,-7.371,-8.649,-7.665,-8.836,-9.009,-8.5,-7.724,-9.112,-9.202
EGFR_decoy_L012132,decoy,development_train,-9.906,-9.087,-9.465,-8.287,-9.465,-8.591,-10.279,-9.692,-10.25,-8.198,-9.161,-9.649
EGFR_decoy_L005787,decoy,development_train,-9.241,-8.913,-9.639,-8.243,-10.098,-8.834,-11.001,-9.584,-10.7,-9.152,-11.025,-9.953
EGFR_decoy_L005831,decoy,development_train,-8.911,-8.87,-9.545,-8.671,-9.949,-8.625,-10.438,-9.397,-9.833,-9.178,-10.117,-9.75
EGFR_decoy_L005884,decoy,development_train,-9.459,-8.527,-9.53,-8.718,-9.669,-8.536,-10.121,-9.492,-10.405,-8.845,-10.768,-9.575
EGFR_decoy_L005885,decoy,development_train,-9.503,-9.004,-9.684,-9.223,-8.849,-8.902,-10.043,-9.611,-10.346,-8.876,-9.859,-9.967
EGFR_decoy_L005886,decoy,development_train,-8.723,-9.184,-10.012,-8.414,-9.737,-8.673,-10.815,-9.513,-10.67,-9.242,-11.29,-9.463
EGFR_decoy_L005887,decoy,development_train,-8.595,-8.196,-8.924,-7.902,-9.119,-8.048,-10.092,-8.805,-10.332,-8.897,-10.505,-8.99
EGFR_decoy_L005888,decoy,development_train,-8.588,-9.006,-9.501,-7.701,-10.304,-8.128,-10.602,-8.992,-10.199,-9.225,-10.829,-9.316
EGFR_decoy_L006392,decoy,development_train,-8.818,-8.579,-8.675,-7.798,-9.78,-9.045,-10.397,-9.043,-10.337,-8.957,-10.844,-9.151
EGFR_decoy_L006882,decoy,development_train,-9.285,-8.699,-10.175,-8.87,-8.873,-8.704,-9.554,-9.506,-9.676,-7.765,-9.932,-9.427
EGFR_decoy_L014939,decoy,development_train,-10.456,-9.998,-10.815,-9.9,-10.677,-9.34,-11.347,-10.607,-10.7,-9.053,-11.382,-10.719
EGFR_decoy_L015038,decoy,development_train,-10.038,-9.587,-10.342,-8.696,-10.433,-9.043,-10.719,-10.098,-10.733,-9.066,-11.29,-10.196
EGFR_decoy_L016038,decoy,development_train,-9.619,-9.295,-9.675,-8.735,-10.26,-8.653,-10.784,-9.769,-10.478,-9.063,-11.028,-10.025
EGFR_decoy_L007415,decoy,development_train,-8.932,-8.886,-10.364,-8.844,-9.251,-8.844,-9.607,-10.736,-9.408,-8.699,-9.322,-10.422
EGFR_decoy_L007436,decoy,development_train,-9.003,-9.657,-9.686,-8.708,-8.701,-8.634,-9.406,-10.168,-9.141,-8.813,-9.173,-9.326
EGFR_decoy_L029088,decoy,development_train,-8.589,-9.686,-10.047,-8.964,-8.992,-9.005,-9.371,-9.977,-9.345,-8.612,-9.608,-9.836
EGFR_decoy_L003505,decoy,development_train,-10.456,-10.802,-10.684,-10.059,-9.194,-9.423,-9.662,-10.168,-9.248,-9.324,-9.228,-10.177
EGFR_decoy_L001280,decoy,development_train,-7.682,-7.649,-8.642,-7.682,-9.121,-7.745,-9.562,-8.97,-8.955,-8.006,-9.851,-8.453
EGFR_decoy_L001281,decoy,development_train,-8.187,-7.985,-8.85,-7.769,-8.366,-7.631,-9.465,-9.045,-8.572,-7.836,-8.69,-8.614
EGFR_decoy_L018001,decoy,development_train,-9.798,-10.587,-11.956,-10.112,-10.459,-9.534,-11.683,-11.21,-10.896,-9.942,-10.868,-11.676
EGFR_decoy_L034541,decoy,development_train,-7.772,-8.123,-8.592,-8.151,-8.938,-7.728,-8.83,-7.976,-8.719,-8.096,-9.002,-8.561
EGFR_decoy_L005175,decoy,development_train,-8.147,-7.899,-8.924,-7.262,-9.093,-7.501,-8.153,-8.614,-8.38,-7.681,-8.88,-8.492
EGFR_decoy_L024425,decoy,development_train,-8.842,-9.184,-9.648,-8.479,-8.861,-8.039,-9.918,-9.061,-9.561,-8.666,-9.895,-9.949
EGFR_decoy_L012823,decoy,development_train,-8.092,-8.182,-8.888,-7.654,-9.071,-7.533,-8.571,-8.446,-8.062,-7.356,-8.027,-8.442
EGFR_decoy_L013064,decoy,development_train,-8.849,-8.586,-9.669,-7.967,-8.463,-8.336,-9.463,-9.435,-9.719,-7.737,-9.37,-9.724
EGFR_decoy_L022555,decoy,development_train,-9.764,-9.901,-9.94,-9.42,-9.515,-8.949,-10.148,-9.833,-10.109,-8.933,-10.469,-10.142
EGFR_decoy_L020475,decoy,development_train,-9.074,-8.612,-8.734,-8.392,-8.799,-8.31,-9.586,-9.229,-9.798,-9.315,-9.231,-9.498
EGFR_decoy_L019359,decoy,development_train,-7.6,-7.46,-8.073,-7.113,-7.536,-7.206,-7.776,-8.074,-7.784,-7.5,-7.87,-8.42
EGFR_decoy_L019393,decoy,development_train,-7.872,-7.437,-7.995,-7.164,-7.939,-6.917,-8.219,-8.434,-8.084,-7.691,-8.338,-8.347
EGFR_decoy_L023530,decoy,development_train,-8.382,-8.645,-9.015,-8.279,-8.999,-8.241,-8.991,-8.617,-9.08,-8.439,-9.135,-8.525
EGFR_decoy_L022931,decoy,development_train,-8.795,-8.926,-9.538,-8.714,-9.302,-8.409,-9.113,-9.183,-9.678,-8.157,-9.801,-9.709
EGFR_decoy_L023532,decoy,development_train,-8.538,-8.167,-9.464,-7.92,-8.027,-7.442,-9.57,-8.696,-9.006,-7.533,-9.445,-9.529
EGFR_decoy_L014758,decoy,development_train,-9.21,-8.908,-9.944,-8.582,-9.661,-8.541,-9.737,-9.825,-9.759,-8.746,-9.638,-9.827
EGFR_decoy_L001958,decoy,development_train,-6.483,-6.552,-6.956,-6.848,-7.195,-6.425,-6.673,-6.981,-6.5,-6.455,-7.301,-7.092
EGFR_decoy_L001959,decoy,development_train,-6.569,-6.707,-6.952,-6.843,-7.25,-6.517,-6.883,-6.971,-6.717,-6.584,-7.272,-7.177
EGFR_decoy_L001960,decoy,development_train,-6.559,-6.955,-7.153,-6.718,-7.593,-6.478,-7.233,-7.063,-7.232,-6.715,-7.635,-7.188
EGFR_decoy_L004496,decoy,development_train,-7.377,-7.648,-8.44,-7.639,-7.989,-7.523,-8.558,-7.786,-7.855,-6.996,-8.282,-8.353
EGFR_decoy_L013850,decoy,development_train,-7.597,-7.783,-8.432,-7.153,-7.587,-7.308,-7.7,-8.581,-7.526,-7.036,-7.609,-8.5
EGFR_decoy_L016095,decoy,development_train,-6.864,-7.393,-7.497,-7.157,-6.498,-7.16,-6.755,-7.745,-6.738,-7.136,-6.848,-7.87
EGFR_decoy_L016101,decoy,development_train,-6.958,-7.346,-7.719,-6.973,-7.579,-6.888,-7.331,-7.47,-7.283,-6.905,-7.332,-7.79
EGFR_decoy_L019020,decoy,development_train,-6.942,-6.866,-6.757,-6.842,-6.568,-6.806,-7.005,-6.705,-6.862,-6.416,-6.885,-6.862
EGFR_decoy_L019304,decoy,development_train,-7.249,-7.215,-7.66,-7.005,-7.335,-6.762,-7.238,-8.041,-7.083,-6.929,-7.333,-7.638
EGFR_decoy_L019305,decoy,development_train,-7.318,-7.721,-7.661,-7.014,-7.066,-7.082,-7.604,-7.858,-7.497,-7.072,-7.662,-7.826
EGFR_decoy_L019905,decoy,development_train,-7.12,-7.941,-7.757,-7.617,-7.468,-7.232,-8.063,-8.108,-7.697,-7.353,-8.512,-7.808
EGFR_decoy_L019913,decoy,development_train,-6.324,-6.603,-6.718,-6.219,-6.304,-6.186,-6.18,-6.704,-6.234,-5.997,-6.335,-6.805
EGFR_decoy_L019943,decoy,development_train,-6.849,-7.674,-7.489,-7.258,-7.001,-7.008,-7.047,-7.341,-6.836,-6.558,-7.014,-7.551
EGFR_decoy_L019944,decoy,development_train,-5.942,-6.218,-6.414,-6.267,-6.159,-5.969,-6.27,-6.412,-6.11,-5.801,-6.234,-6.574
EGFR_decoy_L019945,decoy,development_train,-7.028,-7.464,-7.62,-6.808,-6.977,-6.933,-6.59,-7.769,-6.777,-6.457,-6.952,-7.667
EGFR_decoy_L021754,decoy,development_train,-6.505,-6.828,-7.067,-6.818,-7.127,-6.064,-6.969,-6.791,-6.747,-6.083,-7.322,-6.913
EGFR_decoy_L023813,decoy,development_train,-7.289,-7.93,-8.049,-6.916,-7.598,-7.001,-7.498,-8.375,-7.78,-7.155,-7.71,-8.374
EGFR_decoy_L027465,decoy,development_train,-7.847,-7.981,-8.464,-6.847,-7.291,-7.365,-7.712,-8.402,-7.441,-7.184,-7.701,-8.472
EGFR_decoy_L027489,decoy,development_train,-7.245,-7.65,-8.077,-6.908,-6.984,-7.033,-7.263,-7.962,-7.425,-6.723,-7.28,-8.244
EGFR_decoy_L032414,decoy,development_train,-7.324,-7.629,-8.097,-6.777,-6.745,-6.662,-7.194,-7.902,-7.286,-6.526,-7.367,-8.029
EGFR_decoy_L033805,decoy,development_train,-6.853,-7.325,-7.603,-6.849,-6.784,-6.606,-6.923,-7.454,-7.02,-6.373,-7.129,-7.833
EGFR_decoy_L033811,decoy,development_train,-7.14,-7.295,-7.652,-7.051,-7.111,-6.882,-7.232,-8.153,-7.191,-7.007,-7.265,-8.153
EGFR_decoy_L017448,decoy,development_train,-8.507,-8.403,-8.98,-7.233,-8.898,-7.481,-9.237,-9.289,-9.589,-8.525,-9.107,-8.985
EGFR_decoy_L000566,decoy,development_train,-8.977,-9.474,-9.788,-8.554,-10.567,-8.702,-10.13,-9.793,-9.74,-9.856,-10.285,-9.508
EGFR_decoy_L013115,decoy,development_train,-7.667,-8.113,-8.421,-7.213,-8.151,-8.007,-8.072,-8.148,-8.052,-8.399,-8.27,-8.096
EGFR_decoy_L003941,decoy,development_train,-8.885,-8.801,-9.547,-8.283,-8.648,-7.781,-9.297,-9.833,-8.73,-7.899,-9.44,-9.706
EGFR_decoy_L031321,decoy,development_train,-8.248,-8.567,-9.416,-8.651,-9.603,-7.952,-9.097,-9.462,-9.402,-8.763,-8.973,-9.607
EGFR_decoy_L003830,decoy,development_train,-7.035,-7.886,-7.881,-7.69,-7.19,-7.381,-7.484,-7.835,-7.433,-6.911,-7.401,-7.601
EGFR_decoy_L026662,decoy,development_train,-7.985,-8.201,-8.124,-7.932,-8.752,-7.724,-8.559,-8.841,-8.803,-7.503,-8.293,-8.596
EGFR_decoy_L019408,decoy,development_train,-8.169,-8.029,-7.957,-6.826,-7.989,-7.975,-7.908,-8.067,-8.072,-7.782,-8.201,-7.557
EGFR_decoy_L019439,decoy,development_train,-7.594,-7.711,-8.027,-7.106,-8.027,-7.551,-7.877,-7.217,-8.129,-7.585,-8.075,-7.472
EGFR_decoy_L015933,decoy,development_train,-9.591,-9.398,-9.022,-8.894,-9.652,-9.028,-9.634,-9.07,-9.741,-8.542,-9.315,-9.014
EGFR_decoy_L032785,decoy,development_train,-9.227,-8.667,-9.997,-8.66,-9.815,-8.282,-9.918,-9.883,-10.092,-8.728,-9.828,-10.147
EGFR_decoy_L007080,decoy,development_train,-7.828,-7.843,-8.727,-7.536,-7.72,-7.186,-8.116,-8.149,-8.067,-7.009,-7.984,-8.427
EGFR_decoy_L011081,decoy,development_train,-7.649,-7.632,-8.717,-7.676,-8.267,-7.151,-9.065,-8.553,-9.271,-7.633,-9.481,-8.575
EGFR_decoy_L009975,decoy,development_train,-7.65,-7.808,-8.637,-7.527,-8.118,-7.276,-9.186,-8.976,-9.049,-8.065,-9.265,-8.472
EGFR_decoy_L001425,decoy,development_train,-8.546,-8.208,-9.537,-7.698,-9.599,-8.573,-8.273,-9.237,-9.294,-6.915,-8.541,-9.154
EGFR_decoy_L012739,decoy,development_train,-8.771,-8.345,-8.992,-8.155,-9.246,-7.561,-8.827,-9.361,-8.837,-8.386,-8.909,-9.323
EGFR_decoy_L013437,decoy,development_train,-8.379,-9.596,-9.745,-7.85,-8.675,-8.005,-8.504,-10.162,-8.892,-7.927,-8.576,-9.386
EGFR_decoy_L013487,decoy,development_train,-8.693,-8.673,-8.895,-8.021,-9.33,-7.428,-9.319,-9.26,-8.836,-7.985,-9.224,-9.093
EGFR_decoy_L020594,decoy,development_train,-8.087,-8.427,-8.389,-7.284,-8.147,-7.409,-8.736,-8.392,-8.136,-7.799,-8.613,-9.08
EGFR_decoy_L018801,decoy,development_train,-8.157,-8.767,-9.407,-8.351,-8.329,-7.726,-9.047,-8.499,-9.134,-7.651,-8.44,-9.133
EGFR_decoy_L023710,decoy,development_train,-9.026,-9.332,-9.49,-8.391,-9.59,-8.404,-9.646,-9.286,-9.91,-7.774,-9.909,-9.209
EGFR_decoy_L027944,decoy,development_train,-8.299,-8.085,-8.352,-7.381,-9.212,-7.462,-8.631,-8.628,-8.575,-7.294,-8.698,-8.604
EGFR_decoy_L025374,decoy,development_train,-9.14,-9.247,-9.041,-7.786,-9.411,-8.134,-9.783,-8.925,-9.371,-8.355,-9.46,-9.161
EGFR_decoy_L009246,decoy,development_train,-8.598,-8.355,-9.216,-8.019,-9.876,-7.952,-9.583,-9.656,-9.22,-8.199,-9.849,-9.335
EGFR_decoy_L008502,decoy,development_train,-7.065,-7.076,-7.2,-6.344,-7.06,-6.425,-7.276,-7.23,-7.429,-6.781,-7.71,-7.204
EGFR_decoy_L009069,decoy,development_train,-10.41,-9.889,-10.946,-9.427,-9.019,-9.666,-10.236,-10.978,-10.728,-8.655,-9.64,-10.859
EGFR_decoy_L024836,decoy,development_train,-8.245,-9.004,-8.861,-8.459,-8.859,-8.274,-8.261,-9.036,-8.691,-8.195,-8.477,-9.168
EGFR_decoy_L023772,decoy,development_train,-8.85,-9.331,-8.879,-8.624,-10.328,-9.103,-9.198,-8.754,-8.962,-8.306,-9.299,-8.814
EGFR_decoy_L027932,decoy,development_train,-8.282,-8.078,-9.006,-7.634,-9.304,-8.461,-9.454,-8.999,-9.301,-8.296,-9.587,-8.928
EGFR_decoy_L004839,decoy,development_train,-9.034,-8.778,-9.627,-8.087,-9.015,-8.354,-9.747,-9.637,-9.48,-8.501,-9.542,-9.478
EGFR_decoy_L006063,decoy,development_train,-8.537,-7.702,-8.231,-8.096,-8.507,-7.309,-8.734,-8.159,-8.123,-7.218,-8.008,-8.335
EGFR_decoy_L033261,decoy,development_train,-9.625,-9.502,-10.247,-9.176,-10.095,-8.682,-10.851,-10.521,-10.387,-9.761,-10.733,-9.698
EGFR_decoy_L024417,decoy,development_train,-9.488,-9.397,-9.382,-8.313,-9.139,-7.964,-9.582,-8.605,-10.051,-8.302,-9.461,-9.169
EGFR_decoy_L024418,decoy,development_train,-8.58,-9.13,-9.075,-8.586,-8.888,-8.426,-10.238,-8.972,-10.045,-7.948,-9.783,-10.089
EGFR_decoy_L028534,decoy,development_train,-8.467,-8.987,-8.862,-8.136,-9.764,-7.563,-9.373,-8.822,-9.361,-8.743,-10.478,-9.097
EGFR_decoy_L031258,decoy,development_train,-7.676,-8.064,-8.191,-6.953,-7.646,-7.529,-7.721,-8.205,-8.099,-7.519,-8.551,-8.284
EGFR_decoy_L002928,decoy,development_train,-8.87,-8.934,-9.138,-9.092,-9.987,-8.527,-9.707,-9.177,-9.393,-8.729,-9.125,-9.196
EGFR_decoy_L015803,decoy,development_train,-9.419,-8.953,-9.934,-9.02,-9.363,-8.582,-10.297,-9.945,-9.866,-10.288,-10.173,-10.197
EGFR_decoy_L031202,decoy,development_train,-8.902,-8.389,-8.968,-8.175,-8.821,-7.924,-9.244,-8.921,-9.161,-8.37,-9.447,-9.087
EGFR_decoy_L026503,decoy,development_train,-9.064,-8.888,-9.598,-8.346,-9.385,-8.744,-8.654,-9.967,-9.688,-8.685,-8.705,-9.949
EGFR_decoy_L022032,decoy,development_train,-9.712,-9.827,-10.158,-8.76,-9.889,-8.91,-10.352,-10.231,-10.219,-8.766,-11.002,-9.919
EGFR_decoy_L022033,decoy,development_train,-10.287,-9.528,-9.763,-8.398,-9.742,-8.974,-10.286,-10.416,-10.229,-9.091,-10.614,-9.573
EGFR_decoy_L028296,decoy,development_train,-7.591,-7.478,-8.567,-7.625,-9.119,-7.366,-8.995,-8.327,-9.027,-7.877,-9.052,-8.539
EGFR_decoy_L026470,decoy,development_train,-8.211,-8.421,-9.002,-7.887,-8.748,-7.886,-9.263,-8.948,-9.358,-8.162,-9.062,-8.89
EGFR_decoy_L030807,decoy,development_train,-8.729,-8.9,-8.558,-7.741,-9.35,-7.596,-9.925,-8.62,-9.238,-7.45,-10.026,-8.824
EGFR_decoy_L019336,decoy,development_train,-6.817,-7.709,-8.17,-7.069,-6.96,-6.553,-7.526,-8.089,-7.333,-6.938,-7.741,-7.663
EGFR_decoy_L020764,decoy,development_train,-9.011,-9.328,-9.253,-8.434,-9.891,-8.077,-9.099,-9.843,-9.263,-7.35,-9.827,-9.331
EGFR_decoy_L004713,decoy,development_train,-7.51,-7.612,-8.125,-6.769,-8.176,-6.596,-8.32,-8.211,-8.415,-6.802,-8.745,-8.619
EGFR_decoy_L023308,decoy,development_train,-7.806,-8.342,-7.884,-7.39,-8.257,-7.418,-9.235,-7.903,-8.896,-7.331,-9.043,-8.007
EGFR_decoy_L034292,decoy,development_train,-8.881,-9.062,-9.196,-8.16,-9.563,-8.247,-10.048,-9.422,-10.642,-8.333,-10.83,-9.421
EGFR_decoy_L010946,decoy,development_train,-8.779,-8.702,-9.907,-8.564,-9.316,-8.269,-9.461,-10.233,-8.989,-8.126,-9.184,-9.893
EGFR_decoy_L025262,decoy,development_train,-8.324,-8.25,-8.772,-7.744,-9.309,-7.274,-9.625,-8.573,-9.178,-7.097,-9.599,-8.843
EGFR_decoy_L009463,decoy,development_train,-9.022,-8.682,-9.098,-7.548,-8.854,-7.725,-9.787,-9.396,-9.05,-8.638,-9.551,-9.059
EGFR_decoy_L027270,decoy,development_train,-7.894,-8.429,-9.297,-7.808,-8.915,-7.589,-9.43,-9.092,-9.537,-8.073,-8.825,-9.073
EGFR_decoy_L027271,decoy,development_train,-8.267,-8.621,-8.88,-7.187,-8.65,-7.403,-8.868,-8.853,-8.908,-7.5,-8.954,-8.947
EGFR_decoy_L026647,decoy,development_train,-8.951,-9.089,-9.331,-8.085,-9.938,-7.977,-10.085,-9.295,-10.338,-8.933,-10.599,-9.616
EGFR_decoy_L015100,decoy,development_train,-7.398,-7.425,-7.546,-6.638,-7.525,-6.67,-7.403,-7.307,-7.031,-6.759,-7.269,-7.426
EGFR_decoy_L029643,decoy,development_train,-7.592,-7.689,-8.191,-6.836,-7.741,-6.945,-8.072,-7.79,-7.674,-6.454,-7.973,-7.88
EGFR_decoy_L000415,decoy,development_train,-7.953,-8.622,-8.803,-7.735,-8.251,-8.15,-9.239,-8.634,-8.633,-8.07,-9.147,-8.584
EGFR_decoy_L034833,decoy,development_train,-9.275,-9.36,-9.378,-8.114,-9.067,-8.225,-10.235,-9.666,-9.749,-8.632,-10.01,-9.399
EGFR_decoy_L024473,decoy,development_train,-9.256,-9.272,-10.266,-8.915,-10.686,-8.483,-9.959,-10.032,-10.602,-8.831,-10.683,-9.99
EGFR_decoy_L033611,decoy,development_train,-9.585,-9.975,-10.204,-8.749,-9.942,-8.637,-8.908,-10.565,-10.039,-8.979,-9.467,-10.152
EGFR_decoy_L033628,decoy,development_train,-8.627,-9.409,-9.448,-8.594,-9.52,-8.335,-10.018,-9.436,-8.727,-8.677,-9.625,-9.51
EGFR_decoy_L002769,decoy,development_train,-8.59,-8.107,-8.727,-7.861,-8.667,-8.37,-8.845,-9.218,-8.662,-7.867,-9.212,-9.072
EGFR_decoy_L004264,decoy,development_train,-8.359,-8.431,-8.54,-7.63,-7.708,-7.948,-8.657,-8.926,-8.249,-7.963,-8.558,-8.9
EGFR_decoy_L029148,decoy,development_train,-8.996,-9.781,-9.725,-8.797,-9.08,-8.691,-10.281,-9.499,-9.179,-8.473,-10.193,-9.997
EGFR_decoy_L029716,decoy,development_train,-8.186,-8.484,-9.186,-7.845,-9.152,-7.922,-10.652,-8.416,-10.794,-8.707,-10.598,-8.76
EGFR_decoy_L014286,decoy,development_train,-8.793,-8.393,-8.428,-8.692,-8.51,-7.907,-10.076,-8.354,-9.976,-7.799,-9.991,-7.987
EGFR_decoy_L021362,decoy,development_train,-8.148,-8.31,-8.58,-7.838,-8.86,-8.116,-9.33,-8.347,-8.868,-7.678,-9.963,-8.449
EGFR_decoy_L021363,decoy,development_train,-7.793,-8.304,-8.556,-8.012,-8.31,-8.08,-9.131,-8.384,-8.968,-7.033,-9.598,-8.657
EGFR_decoy_L032345,decoy,development_train,-8.0,-7.9,-8.457,-7.373,-8.429,-7.244,-9.736,-8.298,-9.485,-7.995,-8.844,-8.63
EGFR_decoy_L012169,decoy,development_train,-10.395,-10.507,-10.764,-10.091,-10.565,-9.761,-11.645,-10.834,-10.217,-9.819,-11.588,-10.78
EGFR_decoy_L029233,decoy,development_train,-10.161,-9.195,-11.235,-9.95,-10.499,-9.345,-11.514,-10.281,-11.335,-9.358,-11.319,-10.382
EGFR_decoy_L009122,decoy,development_train,-8.129,-8.35,-8.154,-7.866,-10.172,-8.044,-8.933,-8.185,-8.597,-7.723,-8.711,-8.186
EGFR_decoy_L034001,decoy,development_train,-8.091,-8.28,-8.43,-7.336,-9.019,-7.542,-7.943,-8.713,-8.307,-8.303,-8.048,-8.504
EGFR_decoy_L023401,decoy,development_train,-8.327,-8.48,-7.857,-7.909,-7.794,-8.6,-8.148,-7.997,-8.568,-7.604,-7.637,-7.711
EGFR_decoy_L019958,decoy,development_train,-8.061,-9.04,-8.759,-8.149,-8.463,-8.296,-9.386,-9.033,-9.565,-7.612,-9.089,-8.687
EGFR_decoy_L024433,decoy,development_train,-9.062,-8.658,-9.994,-9.169,-10.415,-8.732,-10.697,-9.89,-10.503,-8.678,-11.458,-10.123
EGFR_decoy_L034775,decoy,development_train,-9.541,-9.36,-9.443,-8.652,-10.554,-8.948,-10.78,-9.884,-10.549,-8.831,-11.181,-9.134
EGFR_decoy_L029138,decoy,development_train,-9.77,-9.658,-10.267,-9.238,-9.717,-9.335,-9.735,-10.269,-9.744,-8.757,-10.478,-10.344
EGFR_decoy_L011878,decoy,development_train,-9.771,-9.853,-9.753,-9.168,-8.921,-9.171,-10.199,-10.396,-9.887,-8.871,-9.585,-9.915
EGFR_decoy_L004740,decoy,development_train,-8.883,-8.926,-9.86,-8.696,-9.424,-8.561,-10.366,-9.402,-10.402,-8.769,-10.821,-9.163
EGFR_decoy_L000461,decoy,development_train,-10.522,-10.019,-10.116,-9.177,-9.749,-9.576,-9.939,-11.99,-10.853,-9.929,-9.749,-12.29
EGFR_decoy_L028951,decoy,development_train,-9.104,-8.491,-8.69,-8.565,-8.924,-8.537,-9.027,-9.596,-9.844,-9.086,-8.824,-9.713
EGFR_decoy_L028952,decoy,development_train,-10.606,-9.076,-11.148,-8.898,-9.399,-9.354,-9.53,-11.823,-10.562,-9.481,-10.28,-11.969
EGFR_decoy_L005037,decoy,development_train,-8.545,-8.702,-9.344,-7.866,-9.252,-7.306,-8.945,-9.339,-9.072,-7.894,-9.132,-9.372
EGFR_decoy_L024432,decoy,development_train,-8.516,-8.684,-8.756,-7.238,-8.672,-7.622,-9.297,-9.265,-9.39,-8.632,-8.99,-9.296
EGFR_decoy_L026220,decoy,development_train,-8.636,-8.596,-9.001,-7.227,-8.636,-7.918,-8.957,-8.747,-8.661,-7.946,-8.589,-8.931
EGFR_decoy_L034787,decoy,development_train,-8.685,-8.652,-9.319,-8.547,-9.188,-8.77,-9.053,-9.212,-8.468,-8.756,-9.238,-9.218
EGFR_decoy_L023493,decoy,development_train,-8.316,-8.216,-8.664,-7.358,-8.273,-7.252,-8.484,-8.682,-7.954,-7.063,-8.605,-8.64
EGFR_decoy_L019809,decoy,development_train,-8.868,-8.557,-8.887,-8.373,-9.384,-8.386,-10.629,-8.922,-10.49,-8.182,-10.81,-8.626
EGFR_decoy_L012923,decoy,development_train,-9.815,-10.156,-11.051,-8.989,-11.107,-10.175,-10.823,-11.179,-10.351,-9.849,-10.501,-11.46
EGFR_decoy_L010043,decoy,development_train,-7.244,-7.594,-7.702,-7.419,-7.943,-7.509,-7.654,-7.926,-7.444,-6.956,-7.622,-8.091
EGFR_decoy_L027201,decoy,development_train,-8.871,-8.857,-9.067,-8.565,-10.11,-9.089,-10.16,-9.187,-10.154,-8.462,-10.756,-9.095
EGFR_decoy_L010926,decoy,development_train,-8.335,-8.263,-8.881,-7.962,-9.208,-8.14,-8.696,-8.899,-8.762,-8.176,-8.904,-9.169
EGFR_decoy_L021480,decoy,development_train,-8.471,-8.122,-8.686,-7.615,-8.455,-7.539,-8.38,-9.173,-8.525,-7.492,-8.541,-8.958
EGFR_decoy_L005399,decoy,development_train,-8.991,-9.041,-10.079,-8.485,-10.397,-8.426,-10.28,-9.723,-10.069,-9.119,-10.354,-10.148
EGFR_decoy_L003296,decoy,development_train,-8.873,-8.748,-9.388,-8.313,-8.838,-7.889,-9.685,-8.946,-8.92,-8.144,-9.655,-9.572
EGFR_decoy_L014997,decoy,development_train,-7.991,-8.131,-9.554,-7.851,-9.201,-7.619,-9.259,-9.399,-8.618,-8.331,-9.437,-9.53
EGFR_decoy_L006394,decoy,development_train,-7.82,-7.75,-8.226,-7.882,-7.945,-6.826,-8.418,-8.921,-8.11,-7.71,-8.362,-8.471
EGFR_decoy_L006440,decoy,development_train,-8.028,-7.714,-7.915,-7.563,-8.26,-6.982,-9.224,-8.585,-9.166,-7.605,-8.272,-8.091
EGFR_decoy_L025979,decoy,development_train,-9.071,-9.538,-9.733,-8.26,-9.942,-8.147,-10.195,-10.064,-10.34,-8.077,-10.24,-9.544
EGFR_decoy_L009248,decoy,development_train,-8.54,-8.436,-10.109,-8.183,-10.076,-7.969,-10.112,-9.74,-9.58,-8.727,-9.75,-10.25
EGFR_decoy_L009915,decoy,development_train,-7.578,-7.723,-7.976,-7.347,-8.731,-6.971,-9.183,-7.962,-8.79,-7.845,-9.13,-7.874
EGFR_decoy_L012484,decoy,development_train,-7.71,-7.506,-8.116,-7.094,-8.201,-6.881,-8.585,-8.459,-8.841,-6.932,-9.05,-8.119
EGFR_decoy_L013801,decoy,development_train,-7.838,-7.958,-7.769,-6.748,-7.462,-7.062,-7.54,-8.005,-7.503,-7.053,-7.743,-8.029
EGFR_decoy_L021697,decoy,development_train,-8.272,-9.012,-9.5,-8.516,-9.203,-7.467,-9.748,-9.097,-9.401,-7.924,-9.926,-9.469
EGFR_decoy_L008748,decoy,development_train,-8.847,-9.112,-9.672,-8.423,-9.387,-8.023,-10.25,-9.576,-9.802,-8.352,-10.156,-9.826
EGFR_decoy_L034396,decoy,development_train,-8.354,-8.178,-8.901,-8.07,-9.422,-7.4,-10.007,-8.892,-9.639,-8.189,-9.633,-8.64
EGFR_decoy_L021870,decoy,development_train,-7.013,-6.696,-7.459,-6.961,-6.915,-6.813,-7.281,-7.375,-7.276,-6.379,-7.221,-7.574
EGFR_decoy_L009263,decoy,development_train,-9.281,-9.193,-9.819,-9.079,-10.153,-9.015,-11.274,-9.838,-10.411,-9.115,-10.624,-9.938
EGFR_decoy_L028666,decoy,development_train,-8.618,-8.817,-9.965,-8.341,-9.197,-8.372,-10.313,-9.323,-9.496,-8.601,-10.277,-9.687
EGFR_decoy_L009667,decoy,development_train,-9.143,-9.843,-10.08,-8.634,-8.796,-8.424,-9.334,-10.296,-8.804,-8.229,-9.023,-10.255
EGFR_decoy_L016177,decoy,development_train,-8.431,-8.968,-9.623,-8.035,-9.721,-7.997,-9.938,-9.287,-9.814,-8.763,-9.704,-9.618
EGFR_decoy_L025566,decoy,development_train,-8.67,-9.235,-9.099,-8.165,-10.091,-7.827,-9.126,-9.406,-8.614,-8.765,-9.194,-9.093
EGFR_decoy_L027326,decoy,development_train,-7.672,-7.832,-8.369,-7.549,-8.441,-7.523,-8.896,-8.505,-8.662,-7.662,-8.821,-8.277
EGFR_decoy_L021887,decoy,development_train,-6.835,-7.339,-6.646,-6.771,-6.466,-6.542,-6.273,-7.375,-6.46,-5.892,-6.594,-6.58
EGFR_decoy_L033038,decoy,development_train,-7.605,-7.589,-7.854,-6.747,-7.756,-6.671,-7.704,-8.248,-7.678,-6.843,-7.475,-7.925
EGFR_decoy_L029110,decoy,development_train,-8.689,-9.384,-9.562,-8.672,-8.502,-7.854,-9.066,-9.823,-8.842,-8.27,-8.965,-9.785
EGFR_decoy_L006773,decoy,development_train,-9.851,-9.081,-9.434,-9.108,-8.692,-8.291,-9.827,-10.56,-10.135,-9.239,-10.076,-9.439
EGFR_decoy_L025355,decoy,development_train,-9.578,-10.487,-10.897,-8.638,-10.414,-8.661,-11.009,-9.761,-10.74,-9.144,-11.043,-9.972
EGFR_decoy_L023976,decoy,development_train,-8.175,-8.516,-8.81,-7.59,-9.353,-7.54,-9.327,-9.137,-9.232,-8.01,-9.502,-9.146
EGFR_decoy_L014987,decoy,development_train,-6.655,-7.13,-6.693,-6.951,-6.628,-6.677,-7.642,-7.048,-7.022,-6.472,-7.914,-6.636
EGFR_decoy_L014862,decoy,development_train,-8.143,-8.278,-9.69,-7.895,-9.741,-7.589,-9.544,-9.3,-9.683,-7.969,-9.936,-9.48
EGFR_decoy_L016824,decoy,development_train,-8.192,-8.382,-8.699,-8.116,-8.982,-7.858,-8.96,-9.06,-9.055,-7.907,-9.454,-9.158
EGFR_decoy_L016848,decoy,development_train,-8.23,-8.257,-8.939,-7.809,-9.15,-7.647,-9.615,-9.076,-9.372,-8.659,-9.449,-9.41
EGFR_decoy_L010782,decoy,development_train,-3.886,-4.023,-4.181,-4.046,-4.428,-3.894,-4.433,-4.057,-4.366,-4.284,-4.555,-4.144
EGFR_decoy_L014283,decoy,development_train,-8.913,-8.771,-9.312,-9.518,-8.968,-8.713,-10.467,-9.798,-9.389,-8.532,-9.606,-9.96
EGFR_decoy_L014284,decoy,development_train,-10.087,-9.586,-10.322,-9.771,-9.927,-7.872,-9.35,-9.887,-9.593,-8.807,-9.179,-10.281
EGFR_decoy_L015036,decoy,development_train,-8.749,-8.939,-10.269,-8.621,-8.274,-9.069,-8.878,-10.171,-8.158,-8.705,-8.017,-10.159
EGFR_decoy_L021053,decoy,development_train,-10.894,-10.689,-11.884,-10.678,-9.988,-8.743,-10.351,-12.183,-9.688,-8.838,-9.982,-12.286
EGFR_decoy_L032910,decoy,development_train,-8.429,-8.812,-9.813,-7.83,-9.264,-7.924,-8.539,-9.64,-8.747,-7.962,-8.582,-9.646
EGFR_decoy_L032931,decoy,development_train,-8.069,-8.98,-9.238,-7.712,-9.009,-7.856,-8.67,-9.019,-8.74,-7.877,-8.747,-9.259
EGFR_decoy_L004241,decoy,development_train,-7.948,-7.976,-7.438,-8.027,-8.086,-7.187,-7.64,-8.229,-8.035,-7.582,-8.387,-7.835
EGFR_decoy_L023434,decoy,development_train,-8.065,-6.849,-8.151,-7.055,-7.381,-6.899,-7.976,-8.118,-7.937,-6.569,-7.022,-7.696
EGFR_decoy_L004076,decoy,development_train,-8.801,-8.69,-9.326,-8.301,-8.964,-7.889,-10.079,-9.777,-9.811,-8.642,-9.552,-9.671
EGFR_decoy_L025702,decoy,development_train,-8.907,-9.248,-9.924,-8.516,-9.556,-8.356,-9.461,-9.901,-9.164,-7.961,-9.616,-10.118
EGFR_decoy_L005118,decoy,development_train,-8.238,-8.459,-9.322,-7.668,-9.665,-8.721,-9.816,-9.056,-9.741,-7.864,-9.902,-9.447
EGFR_decoy_L001514,decoy,development_train,-8.241,-7.995,-9.024,-8.212,-7.869,-7.862,-9.537,-9.052,-9.066,-8.636,-8.658,-8.829
EGFR_decoy_L020585,decoy,development_train,-8.617,-8.33,-9.73,-8.68,-9.913,-7.35,-9.561,-9.529,-9.983,-7.735,-9.878,-9.786
EGFR_decoy_L032648,decoy,development_train,-7.905,-7.932,-8.876,-8.025,-9.116,-7.91,-9.732,-8.758,-9.338,-8.497,-9.861,-8.982
