ligand_id,label,selection_role,FA10_3KL6_reference,FA10_1LPK_aligned,FA10_1KSN_aligned,FA10_2WYJ_aligned,FA10_2PHB_aligned,FA10_1EZQ_aligned,FA10_5K0H_aligned,FA10_4A7I_aligned,FA10_2W3K_aligned,FA10_1NFU_aligned,FA10_1F0R_aligned,FA10_2Y81_aligned,FA10_1LPZ_aligned
FA10_active_L000254,active,development_train,-10.114,-8.699,-9.775,-11.568,-10.887,-10.544,-10.326,-8.542,-10.734,-10.257,-9.69,-11.789,-9.612
FA10_active_L000319,active,development_train,-8.182,-7.505,-7.99,-7.93,-8.153,-7.919,-8.13,-7.092,-7.924,-7.759,-8.216,-7.717,-7.394
FA10_active_L000034,active,development_train,-11.352,-10.45,-11.96,-11.272,-11.834,-11.81,-12.222,-9.352,-11.251,-11.453,-10.909,-11.4,-11.321
FA10_active_L000463,active,development_train,-11.338,-11.277,-12.584,-11.443,-12.497,-12.738,-12.521,-10.104,-11.787,-11.998,-11.668,-11.866,-11.588
FA10_active_L000494,active,development_train,-9.521,-9.048,-9.057,-9.273,-9.234,-9.281,-9.153,-9.166,-9.437,-9.017,-9.361,-9.41,-9.126
FA10_active_L000255,active,development_train,-9.252,-9.597,-10.022,-10.069,-10.209,-10.26,-9.728,-9.789,-9.939,-9.674,-9.934,-10.128,-9.726
FA10_active_L000042,active,development_train,-9.051,-9.014,-8.162,-8.647,-8.883,-8.206,-8.863,-8.615,-8.899,-9.202,-8.137,-8.974,-9.428
FA10_active_L000418,active,development_train,-9.295,-9.471,-9.586,-9.185,-9.737,-9.163,-9.853,-9.3,-9.622,-9.538,-9.719,-9.201,-9.613
FA10_active_L000001,active,development_train,-10.619,-10.169,-10.303,-10.164,-11.132,-10.438,-10.485,-9.637,-11.354,-9.66,-9.305,-10.437,-9.749
FA10_active_L000294,active,development_train,-11.507,-10.13,-10.565,-10.572,-11.341,-9.908,-10.93,-9.619,-10.946,-10.929,-10.049,-11.075,-10.076
FA10_active_L000456,active,development_train,-9.794,-9.031,-9.374,-9.543,-9.837,-10.07,-10.148,-8.429,-9.9,-9.788,-9.434,-9.875,-9.63
FA10_active_L000444,active,development_train,-7.129,-7.616,-7.234,-7.752,-7.653,-7.356,-7.161,-7.739,-7.259,-7.377,-7.224,-7.491,-7.858
FA10_active_L000450,active,development_train,-8.802,-8.433,-8.803,-8.04,-9.031,-8.831,-8.381,-8.5,-8.605,-8.713,-8.607,-8.478,-8.081
FA10_active_L000347,active,development_train,-8.745,-8.839,-8.998,-9.914,-8.967,-9.272,-8.705,-8.996,-8.716,-9.475,-9.004,-9.578,-8.922
FA10_active_L000309,active,development_train,-9.378,-9.163,-10.233,-9.745,-10.035,-10.204,-10.03,-9.478,-9.225,-9.58,-10.222,-10.085,-9.287
FA10_active_L000136,active,development_train,-9.328,-8.803,-9.439,-10.162,-10.951,-9.558,-9.061,-8.507,-9.835,-10.14,-9.425,-10.702,-10.303
FA10_active_L000503,active,development_train,-11.249,-10.741,-10.872,-10.897,-12.712,-10.847,-11.934,-9.877,-12.149,-10.572,-10.658,-11.401,-10.618
FA10_active_L000126,active,development_train,-10.284,-10.702,-9.788,-9.776,-10.927,-9.556,-10.522,-10.018,-10.672,-9.899,-9.37,-10.202,-10.795
FA10_active_L000118,active,development_train,-11.948,-10.77,-11.303,-10.925,-12.563,-11.307,-11.812,-10.047,-12.799,-10.694,-10.919,-11.411,-10.5
FA10_active_L000174,active,development_train,-7.591,-8.001,-7.078,-8.173,-8.857,-7.18,-8.45,-8.097,-7.282,-7.303,-7.219,-7.944,-7.999
FA10_active_L000160,active,development_train,-8.856,-9.825,-8.853,-10.122,-10.428,-8.744,-8.913,-8.358,-8.371,-9.059,-8.64,-10.428,-9.503
FA10_active_L000376,active,development_train,-9.365,-9.452,-8.999,-10.383,-10.899,-8.156,-10.048,-8.289,-10.82,-9.355,-8.968,-10.229,-9.412
FA10_active_L000380,active,development_train,-9.391,-8.43,-8.768,-8.956,-8.794,-8.456,-8.805,-8.945,-9.092,-8.771,-8.917,-9.192,-8.738
FA10_active_L000142,active,development_train,-9.803,-10.134,-10.99,-10.287,-11.243,-10.189,-11.052,-9.678,-9.635,-10.502,-10.457,-10.259,-10.206
FA10_active_L000152,active,development_train,-10.604,-10.581,-11.135,-10.332,-10.425,-10.648,-10.946,-9.58,-9.632,-10.786,-9.996,-10.814,-10.964
FA10_active_L000519,active,development_train,-9.244,-9.551,-9.679,-9.447,-10.113,-9.628,-9.516,-9.921,-9.909,-9.081,-9.321,-9.5,-9.676
FA10_active_L000311,active,development_train,-9.478,-8.015,-8.869,-8.169,-8.937,-7.854,-8.931,-8.07,-8.202,-8.797,-8.459,-9.011,-8.081
FA10_active_L000200,active,development_train,-9.263,-9.154,-10.341,-10.009,-10.174,-10.038,-9.799,-8.275,-9.643,-9.79,-9.735,-9.755,-9.796
FA10_active_L000257,active,development_train,-10.367,-10.578,-9.651,-9.714,-9.634,-9.602,-9.936,-10.203,-9.82,-10.083,-9.623,-10.021,-10.392
FA10_active_L000134,active,development_train,-9.796,-8.461,-8.536,-9.419,-9.071,-8.023,-9.678,-8.28,-9.086,-8.546,-9.261,-9.047,-8.74
FA10_active_L000140,active,development_train,-10.814,-10.185,-10.25,-10.329,-11.783,-10.885,-11.131,-9.961,-11.643,-10.187,-10.057,-10.737,-10.409
FA10_active_L000186,active,development_train,-11.013,-9.814,-10.089,-11.067,-10.725,-10.402,-10.762,-9.535,-10.791,-10.806,-10.883,-10.576,-10.369
FA10_active_L000232,active,development_train,-9.079,-8.26,-8.849,-8.379,-8.365,-8.643,-8.808,-8.587,-8.76,-8.755,-8.553,-8.592,-8.097
FA10_active_L000482,active,development_train,-8.069,-7.573,-7.983,-8.014,-8.102,-7.81,-8.119,-8.376,-8.108,-7.765,-8.21,-7.705,-8.021
FA10_active_L000185,active,development_train,-10.33,-9.453,-8.48,-9.748,-9.757,-8.735,-10.115,-9.833,-9.165,-8.84,-9.513,-9.951,-10.048
FA10_active_L000502,active,development_train,-8.88,-8.918,-8.649,-9.187,-9.643,-8.617,-7.82,-9.18,-9.458,-8.695,-8.365,-9.52,-9.094
FA10_active_L000096,active,development_train,-11.469,-11.055,-10.961,-10.42,-12.12,-10.866,-11.244,-9.875,-11.842,-10.633,-10.019,-11.313,-11.131
FA10_active_L000079,active,development_train,-10.013,-9.677,-10.203,-9.425,-10.324,-9.616,-10.344,-8.731,-10.219,-9.761,-9.071,-10.114,-9.515
FA10_active_L000508,active,development_train,-9.001,-8.241,-9.481,-9.656,-9.703,-9.255,-8.907,-8.07,-8.867,-9.2,-9.181,-9.216,-9.056
FA10_active_L000537,active,development_train,-9.313,-9.121,-9.103,-9.592,-9.915,-9.765,-10.095,-8.759,-9.522,-9.471,-8.854,-9.851,-9.946
FA10_active_L000492,active,development_train,-9.048,-9.521,-9.925,-10.321,-9.585,-9.234,-9.733,-9.137,-9.688,-9.353,-9.285,-10.133,-9.351
FA10_active_L000088,active,development_train,-10.864,-10.173,-11.272,-11.11,-11.634,-10.012,-11.326,-9.986,-11.563,-10.578,-11.124,-11.368,-11.087
FA10_active_L000012,active,development_train,-7.952,-8.732,-8.007,-9.441,-7.797,-7.71,-8.008,-7.45,-8.1,-8.024,-8.277,-9.026,-8.784
FA10_active_L000236,active,development_train,-9.23,-9.12,-8.983,-9.041,-9.325,-9.124,-9.307,-8.727,-9.323,-9.492,-8.885,-9.028,-9.351
FA10_active_L000332,active,development_train,-9.846,-8.487,-10.339,-9.992,-9.673,-9.407,-10.106,-9.203,-9.852,-9.786,-9.723,-10.544,-9.126
FA10_active_L000281,active,development_train,-10.973,-10.933,-11.478,-10.565,-11.527,-11.028,-11.135,-10.969,-11.551,-11.458,-10.951,-10.961,-10.847
FA10_active_L000164,active,development_train,-8.55,-7.531,-9.13,-9.338,-8.642,-8.343,-8.844,-7.446,-8.06,-9.086,-8.81,-9.652,-8.939
FA10_active_L000014,active,development_train,-9.47,-8.738,-9.844,-9.665,-9.503,-9.517,-9.186,-9.013,-9.056,-9.002,-9.46,-9.425,-8.705
FA10_active_L000003,active,development_train,-10.888,-9.877,-9.664,-10.525,-11.34,-9.196,-10.934,-10.4,-11.322,-10.844,-9.187,-11.052,-9.555
FA10_active_L000391,active,development_train,-9.723,-7.72,-9.479,-9.713,-9.982,-9.331,-9.473,-7.846,-8.9,-10.239,-9.932,-9.995,-8.349
FA10_active_L000426,active,development_train,-9.107,-8.037,-8.808,-8.976,-8.671,-8.617,-8.55,-7.66,-8.497,-8.471,-9.202,-9.133,-8.276
FA10_active_L000044,active,development_train,-8.725,-9.29,-9.138,-9.647,-9.498,-8.853,-9.504,-8.247,-8.876,-9.077,-9.173,-9.985,-10.038
FA10_active_L000228,active,development_train,-8.256,-7.779,-8.986,-8.584,-9.314,-9.133,-9.117,-8.997,-8.84,-9.219,-9.542,-8.563,-8.191
FA10_active_L000485,active,development_train,-8.895,-8.645,-8.861,-8.99,-9.028,-9.123,-8.589,-9.579,-8.554,-9.299,-9.081,-8.9,-8.573
FA10_active_L000030,active,development_train,-9.76,-9.966,-8.3,-9.201,-9.143,-8.362,-9.183,-9.471,-8.677,-9.331,-8.09,-9.758,-9.818
FA10_active_L000039,active,development_train,-9.952,-10.41,-8.383,-9.362,-10.116,-9.458,-9.953,-9.562,-9.921,-9.615,-8.779,-10.17,-10.258
FA10_active_L000137,active,development_train,-8.882,-9.006,-8.494,-8.476,-9.118,-8.468,-9.406,-8.648,-8.829,-8.924,-8.925,-8.781,-8.731
FA10_active_L000264,active,development_train,-9.705,-8.896,-9.652,-9.512,-9.222,-8.622,-9.54,-8.055,-9.003,-10.108,-10.08,-9.391,-10.061
FA10_active_L000469,active,development_train,-11.165,-9.591,-11.475,-11.003,-10.986,-11.19,-11.59,-8.576,-11.122,-11.157,-10.635,-11.207,-9.428
FA10_active_L000405,active,development_train,-8.778,-8.154,-7.847,-9.301,-9.366,-8.048,-8.819,-9.089,-8.942,-8.755,-8.12,-9.134,-8.323
FA10_active_L000094,active,development_train,-9.02,-8.708,-8.915,-9.754,-9.682,-9.262,-9.548,-9.531,-9.058,-9.158,-9.178,-9.866,-8.677
FA10_active_L000353,active,development_train,-10.312,-9.088,-10.215,-10.196,-10.9,-9.402,-10.842,-9.08,-10.586,-10.279,-9.019,-10.649,-9.561
FA10_active_L000211,active,development_train,-12.079,-11.412,-11.878,-11.826,-13.105,-11.822,-12.235,-10.325,-13.034,-11.338,-11.282,-12.225,-11.793
FA10_active_L000428,active,development_train,-10.44,-9.67,-8.789,-10.717,-11.111,-9.205,-9.811,-9.372,-10.232,-10.346,-9.293,-10.589,-9.728
FA10_active_L000368,active,development_train,-9.933,-9.478,-9.705,-10.101,-10.295,-9.696,-9.815,-10.197,-10.247,-9.582,-9.848,-9.678,-9.488
FA10_active_L000223,active,development_train,-10.894,-10.247,-10.548,-10.077,-11.528,-10.465,-10.998,-10.021,-11.503,-10.092,-10.438,-10.671,-10.551
FA10_active_L000369,active,development_train,-9.59,-9.467,-9.893,-10.118,-10.142,-9.12,-9.578,-8.305,-9.299,-10.099,-9.335,-10.487,-9.831
FA10_active_L000270,active,development_train,-10.587,-9.447,-10.853,-10.18,-10.962,-10.675,-10.38,-10.109,-10.995,-10.622,-10.46,-10.237,-9.604
FA10_active_L000187,active,development_train,-9.765,-10.244,-9.42,-11.327,-11.432,-10.082,-10.731,-8.459,-10.999,-11.001,-9.743,-11.434,-10.632
FA10_active_L000314,active,development_train,-9.328,-9.591,-9.996,-9.15,-9.402,-9.619,-9.67,-9.384,-9.572,-9.799,-9.464,-9.289,-9.569
FA10_active_L000410,active,development_train,-10.091,-9.61,-9.612,-10.324,-9.671,-9.489,-9.6,-9.306,-9.655,-9.868,-9.536,-9.633,-10.235
FA10_active_L000330,active,development_train,-10.224,-9.023,-9.947,-10.402,-10.161,-10.247,-10.166,-10.017,-10.065,-10.392,-10.541,-10.366,-9.498
FA10_active_L000241,active,development_train,-9.186,-8.908,-9.299,-9.788,-10.326,-8.637,-8.764,-8.685,-10.203,-9.6,-8.961,-9.438,-8.977
FA10_active_L000122,active,development_train,-9.069,-8.421,-8.415,-9.231,-9.426,-8.36,-9.133,-8.066,-8.688,-8.121,-8.239,-9.116,-8.738
FA10_active_L000175,active,development_train,-11.831,-11.401,-11.89,-11.723,-12.743,-11.877,-12.062,-10.322,-12.601,-11.145,-11.299,-12.082,-11.737
FA10_active_L000514,active,development_train,-9.966,-9.348,-9.782,-9.318,-10.258,-9.414,-10.321,-9.848,-10.251,-9.757,-9.471,-9.792,-9.726
FA10_active_L000283,active,development_train,-10.506,-10.252,-11.1,-10.557,-9.801,-10.948,-10.889,-8.691,-10.265,-10.831,-10.326,-10.916,-10.71
FA10_active_L000101,active,development_train,-9.886,-8.385,-8.659,-8.92,-10.296,-9.001,-10.458,-7.539,-10.262,-9.829,-8.673,-9.601,-8.37
FA10_active_L000453,active,development_train,-9.822,-10.454,-9.378,-9.32,-9.082,-9.236,-9.496,-9.391,-7.912,-9.1,-9.659,-9.69,-10.296
FA10_active_L000017,active,development_train,-10.63,-10.464,-10.445,-10.561,-12.295,-10.187,-11.738,-9.179,-11.582,-10.531,-9.762,-11.008,-10.523
FA10_active_L000158,active,development_train,-9.958,-9.175,-9.411,-10.116,-10.894,-9.877,-10.859,-8.215,-10.266,-9.397,-9.211,-10.665,-9.078
FA10_active_L000439,active,development_train,-9.2,-7.58,-8.298,-8.717,-8.956,-8.432,-8.902,-8.229,-8.955,-8.176,-8.692,-8.608,-7.675
FA10_active_L000350,active,development_train,-8.214,-8.612,-8.903,-9.344,-8.871,-8.26,-8.575,-8.181,-8.956,-8.538,-8.893,-9.455,-9.22
FA10_active_L000010,active,development_train,-12.175,-11.695,-11.83,-11.318,-12.696,-11.695,-12.26,-10.553,-12.554,-11.437,-11.456,-11.822,-12.105
FA10_active_L000040,active,development_train,-11.053,-10.79,-10.812,-10.955,-12.17,-10.743,-12.042,-9.735,-11.757,-10.18,-10.154,-11.503,-10.828
FA10_active_L000086,active,development_train,-11.695,-10.581,-11.701,-11.161,-11.076,-11.579,-11.93,-9.254,-9.985,-11.49,-10.473,-11.623,-10.857
FA10_active_L000510,active,development_train,-10.29,-9.835,-10.343,-10.041,-10.79,-10.407,-10.476,-10.413,-10.72,-9.738,-9.909,-10.476,-9.937
FA10_active_L000072,active,development_train,-10.324,-9.377,-9.775,-11.378,-10.035,-10.054,-10.113,-9.903,-9.781,-10.632,-9.83,-11.07,-9.931
FA10_active_L000416,active,development_train,-10.706,-9.611,-10.865,-10.049,-11.142,-10.918,-10.877,-10.087,-11.357,-10.208,-10.558,-10.154,-9.798
FA10_active_L000172,active,development_train,-10.426,-10.388,-11.227,-11.078,-10.758,-10.745,-11.594,-9.055,-10.136,-11.115,-10.433,-11.381,-11.213
FA10_active_L000473,active,development_train,-7.761,-6.855,-7.052,-7.581,-7.918,-7.859,-7.773,-6.844,-6.824,-8.815,-8.029,-8.314,-7.212
FA10_active_L000437,active,development_train,-11.062,-11.242,-11.332,-10.996,-11.304,-10.948,-11.689,-9.211,-11.112,-11.33,-10.57,-11.477,-11.465
FA10_active_L000487,active,development_train,-10.192,-9.018,-8.755,-10.333,-10.899,-8.522,-9.244,-8.168,-8.86,-10.847,-10.021,-10.054,-10.06
FA10_active_L000413,active,development_train,-9.72,-10.008,-9.763,-9.521,-9.975,-10.003,-9.39,-9.355,-9.94,-9.947,-10.178,-9.662,-10.374
FA10_active_L000051,active,development_train,-8.723,-8.808,-8.572,-9.338,-8.465,-8.263,-8.917,-7.227,-8.427,-8.169,-8.56,-9.498,-9.404
FA10_active_L000028,active,development_train,-10.724,-10.919,-11.474,-11.113,-10.541,-10.934,-11.637,-9.611,-10.222,-11.166,-10.534,-11.281,-11.477
FA10_active_L000166,active,development_train,-9.02,-8.902,-9.524,-10.719,-11.425,-10.174,-9.91,-8.567,-10.414,-9.263,-9.512,-11.4,-8.919
FA10_active_L000387,active,development_train,-11.418,-10.093,-9.973,-10.885,-11.089,-10.185,-10.521,-10.739,-11.067,-11.229,-10.261,-10.72,-10.377
FA10_active_L000259,active,development_train,-10.86,-10.283,-9.898,-10.42,-10.749,-9.716,-11.353,-8.745,-10.471,-10.766,-9.75,-10.496,-10.658
FA10_active_L000074,active,development_train,-9.071,-8.526,-8.248,-8.723,-8.628,-7.888,-8.245,-8.514,-8.609,-8.112,-8.15,-8.444,-8.566
FA10_active_L000004,active,development_train,-11.478,-11.002,-10.929,-10.637,-12.023,-10.944,-11.864,-10.501,-11.613,-10.634,-10.553,-11.419,-11.087
FA10_active_L000253,active,development_train,-9.954,-9.445,-9.525,-9.992,-10.186,-9.907,-9.717,-8.566,-8.462,-9.29,-10.268,-10.347,-9.789
FA10_active_L000396,active,development_train,-10.016,-9.539,-9.819,-9.907,-10.339,-9.962,-10.06,-10.219,-10.228,-9.7,-10.048,-9.893,-9.646
FA10_active_L000245,active,development_train,-8.67,-8.432,-9.413,-8.96,-8.444,-8.798,-8.583,-8.662,-8.67,-8.232,-9.432,-9.099,-8.577
FA10_active_L000272,active,development_train,-10.399,-11.192,-9.956,-10.197,-10.652,-10.044,-10.488,-9.546,-10.105,-10.321,-10.016,-10.782,-11.366
FA10_active_L000045,active,development_train,-11.792,-11.446,-11.146,-10.522,-11.641,-11.087,-11.84,-10.578,-12.008,-10.972,-10.89,-11.11,-11.373
FA10_active_L000342,active,development_train,-9.75,-10.007,-9.086,-9.421,-10.424,-8.96,-10.036,-9.214,-10.334,-9.37,-8.851,-9.973,-10.121
FA10_active_L000199,active,development_train,-10.585,-9.874,-10.39,-9.932,-11.292,-10.475,-10.828,-8.788,-11.242,-9.97,-9.624,-10.323,-9.932
FA10_active_L000390,active,development_train,-8.829,-8.141,-9.278,-8.688,-8.484,-8.571,-8.409,-8.032,-8.714,-8.161,-8.974,-8.598,-8.16
FA10_active_L000532,active,development_train,-8.205,-8.682,-8.147,-8.719,-8.688,-8.168,-8.269,-7.772,-8.589,-8.644,-8.645,-8.47,-8.738
FA10_active_L000282,active,development_train,-10.06,-9.022,-9.272,-10.618,-10.489,-9.832,-9.638,-9.807,-9.709,-10.503,-9.387,-10.39,-9.955
FA10_active_L000474,active,development_train,-9.984,-8.954,-9.191,-9.99,-10.525,-9.79,-10.165,-9.004,-9.594,-9.858,-10.449,-10.57,-9.82
FA10_active_L000370,active,development_train,-9.313,-9.292,-9.135,-8.938,-10.111,-9.136,-9.262,-9.277,-9.74,-9.556,-8.628,-9.151,-9.288
FA10_active_L000193,active,development_train,-9.545,-8.085,-9.495,-9.274,-9.287,-9.21,-9.701,-8.774,-9.57,-9.556,-9.334,-9.633,-9.299
FA10_active_L000220,active,development_train,-10.045,-8.935,-10.423,-10.129,-9.648,-9.72,-10.325,-8.678,-9.757,-9.75,-9.345,-10.52,-9.234
FA10_active_L000397,active,development_train,-9.628,-8.088,-8.986,-9.836,-9.835,-8.794,-9.503,-7.595,-8.6,-9.754,-8.766,-9.387,-9.283
FA10_active_L000107,active,development_train,-8.511,-9.097,-8.159,-9.543,-8.144,-8.235,-9.137,-9.121,-7.529,-10.083,-9.752,-9.812,-9.512
FA10_active_L000323,active,development_train,-9.642,-9.408,-8.456,-9.865,-9.64,-8.248,-9.973,-8.553,-9.23,-9.715,-8.981,-10.233,-9.766
FA10_active_L000161,active,development_train,-9.398,-9.028,-9.78,-9.494,-9.81,-9.6,-9.675,-8.472,-9.738,-9.472,-9.593,-10.536,-9.571
FA10_active_L000188,active,development_train,-9.647,-8.754,-9.57,-9.991,-9.993,-9.513,-9.639,-8.519,-10.339,-9.182,-9.07,-9.828,-8.606
FA10_decoy_L008493,decoy,development_train,-9.388,-8.894,-9.507,-9.617,-9.533,-9.424,-10.1,-8.003,-9.947,-10.095,-8.767,-9.401,-9.682
FA10_decoy_L008494,decoy,development_train,-7.992,-7.367,-8.462,-7.306,-8.153,-8.01,-8.492,-7.686,-8.519,-7.512,-8.058,-7.689,-7.28
FA10_decoy_L009108,decoy,development_train,-8.945,-8.252,-7.351,-8.46,-7.633,-8.251,-8.547,-7.765,-7.763,-8.126,-8.147,-8.659,-8.33
FA10_decoy_L025220,decoy,development_train,-9.139,-8.131,-8.338,-8.142,-8.81,-8.326,-8.654,-8.639,-9.042,-8.017,-8.284,-9.085,-8.31
FA10_decoy_L009214,decoy,development_train,-9.871,-8.647,-9.336,-9.821,-9.751,-9.076,-9.554,-8.303,-10.153,-9.321,-9.139,-9.347,-9.523
FA10_decoy_L028039,decoy,development_train,-10.456,-9.29,-10.145,-9.961,-10.973,-10.052,-10.261,-8.725,-10.954,-9.888,-9.84,-9.794,-10.021
FA10_decoy_L003122,decoy,development_train,-8.767,-7.12,-7.902,-8.816,-9.982,-8.513,-9.772,-7.185,-8.924,-8.38,-8.214,-9.378,-8.047
FA10_decoy_L010696,decoy,development_train,-8.307,-8.412,-8.541,-8.296,-8.51,-8.519,-8.243,-8.022,-7.842,-8.136,-8.306,-8.968,-8.525
FA10_decoy_L010916,decoy,development_train,-7.218,-7.463,-7.322,-9.116,-7.606,-7.15,-7.834,-7.91,-7.737,-7.381,-7.253,-7.74,-8.283
FA10_decoy_L010986,decoy,development_train,-8.703,-7.539,-8.533,-8.682,-8.905,-8.234,-8.632,-6.958,-8.464,-7.991,-8.417,-8.315,-8.218
FA10_decoy_L026888,decoy,development_train,-8.006,-7.628,-8.151,-8.257,-8.917,-8.237,-8.185,-7.472,-8.237,-7.733,-8.055,-8.277,-7.829
FA10_decoy_L007653,decoy,development_train,-8.971,-8.372,-8.146,-9.037,-8.18,-8.466,-8.245,-8.445,-8.298,-8.127,-8.498,-9.481,-8.565
FA10_decoy_L007654,decoy,development_train,-9.037,-9.34,-9.008,-9.649,-9.194,-9.094,-9.148,-8.577,-9.173,-9.212,-9.331,-9.489,-9.635
FA10_decoy_L019561,decoy,development_train,-9.324,-9.426,-9.479,-9.354,-9.255,-9.258,-9.307,-8.61,-9.783,-8.947,-9.454,-9.684,-9.358
FA10_decoy_L019562,decoy,development_train,-9.861,-7.443,-10.011,-9.93,-9.83,-9.543,-9.756,-7.482,-10.005,-9.865,-10.267,-9.319,-7.553
FA10_decoy_L003608,decoy,development_train,-10.176,-9.527,-9.59,-9.329,-10.279,-9.913,-9.671,-9.418,-9.937,-10.177,-9.827,-9.216,-9.829
FA10_decoy_L006890,decoy,development_train,-9.24,-8.407,-8.078,-9.71,-8.516,-8.243,-8.599,-8.762,-8.746,-8.628,-8.418,-9.569,-8.527
FA10_decoy_L009062,decoy,development_train,-8.997,-8.499,-7.972,-8.79,-8.183,-7.693,-8.492,-8.768,-8.171,-8.111,-7.847,-8.923,-8.583
FA10_decoy_L011972,decoy,development_train,-8.536,-9.065,-8.246,-8.727,-8.703,-8.261,-8.641,-8.791,-8.771,-8.262,-8.456,-9.095,-8.826
FA10_decoy_L024066,decoy,development_train,-9.023,-8.964,-9.42,-9.089,-9.438,-9.165,-9.936,-8.468,-9.7,-9.435,-8.551,-8.944,-9.453
FA10_decoy_L003301,decoy,development_train,-8.449,-8.981,-8.561,-8.528,-8.307,-8.482,-8.219,-8.863,-8.175,-8.468,-7.903,-8.661,-9.491
FA10_decoy_L004121,decoy,development_train,-8.875,-8.162,-9.018,-8.756,-8.81,-8.923,-8.713,-8.729,-9.331,-8.7,-9.049,-8.703,-8.312
FA10_decoy_L011923,decoy,development_train,-8.798,-8.502,-8.323,-9.187,-8.554,-8.311,-9.256,-9.034,-8.604,-8.699,-8.321,-9.458,-8.377
FA10_decoy_L000890,decoy,development_train,-8.485,-8.275,-8.526,-8.496,-9.297,-8.144,-8.547,-7.875,-8.777,-7.99,-8.136,-8.183,-8.51
FA10_decoy_L012355,decoy,development_train,-8.575,-8.258,-8.652,-8.684,-8.186,-8.183,-8.098,-7.965,-7.747,-8.616,-7.939,-8.681,-8.55
FA10_decoy_L020062,decoy,development_train,-8.653,-8.643,-8.415,-8.726,-9.125,-8.156,-8.798,-8.963,-9.206,-8.053,-8.401,-8.643,-8.674
FA10_decoy_L014205,decoy,development_train,-8.996,-8.564,-9.032,-9.483,-9.098,-8.713,-8.738,-8.539,-9.315,-8.653,-8.663,-9.1,-8.801
FA10_decoy_L014206,decoy,development_train,-8.853,-9.308,-8.945,-9.509,-9.085,-8.605,-8.785,-8.952,-9.282,-8.82,-8.683,-9.23,-9.518
FA10_decoy_L017431,decoy,development_train,-6.738,-6.804,-6.635,-6.968,-6.726,-6.658,-6.57,-6.861,-6.915,-6.922,-6.69,-6.413,-7.015
FA10_decoy_L017491,decoy,development_train,-6.75,-6.883,-6.585,-6.734,-6.902,-6.846,-6.769,-6.888,-6.756,-6.846,-6.965,-6.556,-6.778
FA10_decoy_L017492,decoy,development_train,-6.981,-6.783,-6.657,-6.942,-6.377,-6.324,-6.669,-7.104,-6.743,-6.686,-7.136,-6.856,-6.834
FA10_decoy_L020784,decoy,development_train,-8.343,-8.523,-8.658,-8.504,-8.554,-7.776,-8.314,-8.835,-8.649,-8.455,-8.08,-8.672,-8.569
FA10_decoy_L010928,decoy,development_train,-7.73,-6.872,-7.461,-8.112,-7.729,-7.604,-7.643,-6.82,-7.295,-8.016,-7.608,-8.13,-7.535
FA10_decoy_L022572,decoy,development_train,-8.064,-8.042,-8.206,-8.004,-8.641,-7.972,-8.126,-7.67,-8.618,-7.531,-7.869,-7.966,-8.79
FA10_decoy_L017594,decoy,development_train,-7.71,-7.556,-6.961,-7.824,-7.748,-7.004,-7.393,-7.504,-7.621,-7.294,-7.411,-7.722,-7.753
FA10_decoy_L024561,decoy,development_train,-7.824,-7.247,-7.554,-7.726,-7.784,-6.614,-7.567,-7.487,-8.097,-7.108,-7.631,-7.239,-7.507
FA10_decoy_L005468,decoy,development_train,-9.51,-9.297,-9.81,-9.181,-10.026,-9.909,-9.408,-9.176,-9.966,-9.506,-9.57,-9.388,-9.222
FA10_decoy_L006079,decoy,development_train,-10.388,-8.618,-9.484,-10.132,-10.003,-9.242,-9.387,-9.241,-10.107,-9.428,-9.325,-9.789,-8.712
FA10_decoy_L010506,decoy,development_train,-8.399,-8.56,-10.135,-8.845,-9.115,-9.79,-9.379,-7.756,-8.754,-9.594,-9.775,-9.471,-9.122
FA10_decoy_L010507,decoy,development_train,-9.199,-8.92,-9.232,-8.908,-10.155,-8.996,-9.649,-8.942,-9.685,-10.124,-8.827,-8.844,-8.875
FA10_decoy_L012096,decoy,development_train,-7.54,-6.998,-7.278,-7.679,-7.48,-7.518,-7.304,-7.116,-7.305,-7.44,-7.538,-7.369,-7.039
FA10_decoy_L008071,decoy,development_train,-7.284,-8.463,-7.294,-7.215,-7.103,-7.43,-7.354,-7.293,-7.108,-7.274,-7.186,-7.444,-7.761
FA10_decoy_L027147,decoy,development_train,-8.273,-8.249,-9.438,-8.388,-8.287,-9.379,-8.718,-8.09,-8.448,-8.207,-8.873,-8.122,-8.623
FA10_decoy_L012971,decoy,development_train,-9.074,-8.706,-8.333,-9.028,-8.998,-8.14,-8.851,-8.429,-8.858,-8.848,-8.999,-9.241,-8.535
FA10_decoy_L017670,decoy,development_train,-8.737,-9.177,-8.669,-8.897,-8.75,-8.356,-8.256,-8.145,-8.336,-8.53,-8.483,-8.599,-9.291
FA10_decoy_L016665,decoy,development_train,-10.665,-10.484,-9.896,-10.816,-10.552,-9.854,-10.245,-10.421,-10.282,-9.415,-9.742,-10.949,-10.773
FA10_decoy_L024899,decoy,development_train,-9.248,-9.104,-9.559,-9.136,-9.738,-9.258,-9.129,-9.216,-9.602,-9.104,-9.269,-9.111,-8.948
FA10_decoy_L024881,decoy,development_train,-8.098,-8.293,-7.972,-8.468,-8.289,-7.472,-8.376,-7.939,-8.58,-8.381,-8.623,-8.53,-8.422
FA10_decoy_L024904,decoy,development_train,-9.7,-7.515,-9.313,-9.278,-9.924,-9.881,-9.81,-9.305,-9.941,-9.371,-10.068,-9.652,-8.941
FA10_decoy_L012860,decoy,development_train,-8.221,-7.576,-8.095,-7.701,-8.109,-7.466,-7.861,-8.088,-7.888,-8.444,-7.831,-7.925,-7.539
FA10_decoy_L017943,decoy,development_train,-8.361,-8.654,-8.016,-8.707,-7.625,-8.258,-8.51,-8.687,-7.86,-9.498,-8.686,-8.836,-9.079
FA10_decoy_L002121,decoy,development_train,-9.379,-8.295,-9.233,-8.849,-9.623,-9.308,-9.328,-9.133,-10.03,-8.85,-9.666,-9.182,-8.781
FA10_decoy_L013725,decoy,development_train,-7.421,-8.121,-7.278,-7.311,-7.719,-7.466,-7.331,-7.703,-7.648,-7.458,-7.169,-7.391,-7.878
FA10_decoy_L014026,decoy,development_train,-7.513,-7.434,-7.462,-7.242,-7.755,-7.129,-7.209,-7.597,-7.771,-7.282,-7.525,-7.527,-7.351
FA10_decoy_L026264,decoy,development_train,-8.743,-7.799,-8.257,-8.886,-8.773,-7.986,-8.167,-8.237,-8.581,-8.236,-8.098,-8.828,-8.67
FA10_decoy_L020295,decoy,development_train,-10.81,-9.847,-9.551,-9.853,-11.2,-9.669,-10.636,-10.044,-10.973,-9.587,-9.592,-10.332,-9.907
FA10_decoy_L020296,decoy,development_train,-9.792,-10.404,-9.399,-8.95,-10.214,-9.778,-9.583,-10.008,-10.181,-10.092,-9.771,-9.419,-10.587
FA10_decoy_L003386,decoy,development_train,-10.869,-9.687,-10.364,-10.71,-11.099,-10.672,-11.174,-9.667,-11.293,-10.78,-10.586,-10.66,-10.015
FA10_decoy_L022783,decoy,development_train,-10.38,-9.529,-10.919,-10.27,-11.118,-10.551,-10.712,-10.103,-11.23,-10.326,-10.331,-10.587,-9.71
FA10_decoy_L002520,decoy,development_train,-10.524,-9.959,-9.301,-10.037,-9.728,-8.816,-9.739,-10.636,-10.16,-9.411,-9.713,-10.113,-9.906
FA10_decoy_L009902,decoy,development_train,-6.882,-7.03,-7.111,-7.181,-7.029,-6.745,-6.905,-6.462,-6.877,-7.023,-6.624,-7.2,-7.313
FA10_decoy_L000778,decoy,development_train,-8.757,-8.474,-9.173,-9.373,-9.648,-8.628,-9.344,-8.355,-9.906,-8.735,-9.473,-9.03,-8.783
FA10_decoy_L000779,decoy,development_train,-8.348,-8.725,-9.259,-8.362,-8.417,-8.102,-8.526,-8.653,-8.658,-8.933,-8.198,-8.695,-8.702
FA10_decoy_L010088,decoy,development_train,-8.929,-9.251,-8.847,-8.955,-9.402,-8.725,-9.108,-9.074,-8.981,-8.724,-8.434,-9.041,-9.276
FA10_decoy_L010091,decoy,development_train,-8.861,-9.103,-8.589,-8.575,-8.675,-8.733,-8.638,-8.986,-8.894,-8.879,-9.006,-8.674,-9.285
FA10_decoy_L010092,decoy,development_train,-8.658,-9.223,-8.666,-8.157,-10.159,-8.483,-8.375,-9.175,-8.943,-8.373,-8.569,-10.392,-9.446
FA10_decoy_L010406,decoy,development_train,-8.623,-9.386,-7.991,-9.154,-9.059,-8.064,-8.764,-9.216,-8.61,-8.696,-7.991,-8.103,-9.752
FA10_decoy_L016606,decoy,development_train,-9.231,-9.147,-9.159,-8.315,-10.142,-8.499,-9.354,-9.15,-9.387,-8.727,-8.355,-8.352,-9.342
FA10_decoy_L016653,decoy,development_train,-8.875,-8.585,-8.771,-9.129,-9.357,-8.683,-8.624,-8.305,-8.69,-8.591,-8.724,-8.956,-9.013
FA10_decoy_L016661,decoy,development_train,-8.569,-9.273,-8.549,-9.675,-9.495,-8.448,-9.099,-8.89,-9.391,-9.14,-8.626,-8.733,-8.99
FA10_decoy_L025507,decoy,development_train,-8.597,-9.96,-8.573,-9.062,-9.007,-8.636,-9.236,-9.558,-8.996,-8.711,-8.576,-8.945,-9.619
FA10_decoy_L025563,decoy,development_train,-9.374,-9.091,-8.431,-8.972,-9.273,-8.61,-8.913,-9.183,-8.865,-8.565,-8.574,-8.677,-9.069
FA10_decoy_L025572,decoy,development_train,-8.629,-8.798,-8.824,-8.724,-9.065,-8.746,-8.734,-8.685,-9.171,-8.389,-8.033,-8.633,-8.991
FA10_decoy_L025676,decoy,development_train,-8.834,-8.97,-8.954,-8.076,-9.473,-8.527,-9.021,-8.75,-9.22,-8.095,-8.784,-8.826,-8.887
FA10_decoy_L015654,decoy,development_train,-9.115,-8.451,-9.793,-9.654,-8.965,-9.785,-9.173,-8.545,-8.789,-9.483,-9.538,-9.729,-8.397
FA10_decoy_L015656,decoy,development_train,-9.574,-8.82,-9.431,-9.325,-9.291,-10.2,-9.311,-8.965,-9.057,-9.608,-9.662,-9.41,-8.928
FA10_decoy_L007343,decoy,development_train,-9.45,-8.872,-9.065,-9.749,-9.47,-9.146,-9.327,-9.329,-9.596,-9.071,-9.015,-9.43,-9.548
FA10_decoy_L008045,decoy,development_train,-9.386,-8.967,-9.605,-9.484,-9.902,-9.348,-9.172,-9.68,-10.055,-9.299,-9.378,-9.424,-9.602
FA10_decoy_L009407,decoy,development_train,-10.307,-9.902,-10.032,-9.924,-10.239,-9.835,-10.028,-9.714,-10.461,-9.642,-10.0,-10.264,-9.549
FA10_decoy_L017422,decoy,development_train,-10.02,-9.611,-9.792,-9.943,-10.078,-9.441,-9.356,-9.148,-10.236,-9.489,-9.78,-9.817,-10.272
FA10_decoy_L023738,decoy,development_train,-10.597,-9.334,-10.112,-10.147,-10.176,-9.447,-9.853,-10.184,-10.018,-9.976,-9.523,-10.263,-9.448
FA10_decoy_L012637,decoy,development_train,-10.941,-10.243,-9.98,-10.933,-10.899,-10.19,-11.113,-10.011,-11.006,-10.603,-10.352,-10.325,-10.002
FA10_decoy_L017754,decoy,development_train,-9.278,-8.532,-8.204,-8.679,-9.387,-9.042,-9.791,-9.396,-9.367,-9.491,-8.839,-8.911,-8.534
FA10_decoy_L001352,decoy,development_train,-8.079,-7.69,-7.998,-8.406,-7.922,-8.041,-8.003,-8.094,-8.197,-8.098,-7.703,-8.113,-7.308
FA10_decoy_L004662,decoy,development_train,-7.568,-7.511,-7.9,-7.939,-7.931,-7.371,-7.793,-7.875,-8.387,-7.753,-8.722,-7.573,-7.817
FA10_decoy_L004148,decoy,development_train,-9.996,-9.623,-9.79,-10.924,-9.136,-9.106,-10.445,-9.411,-11.066,-9.633,-9.41,-11.78,-9.586
FA10_decoy_L004749,decoy,development_train,-8.949,-8.189,-9.112,-9.224,-9.026,-8.357,-8.236,-8.232,-9.478,-8.662,-8.965,-9.453,-8.561
FA10_decoy_L011970,decoy,development_train,-8.01,-8.248,-7.511,-8.552,-8.375,-7.695,-7.925,-8.16,-8.337,-7.725,-7.5,-8.412,-9.051
FA10_decoy_L019539,decoy,development_train,-7.5,-7.506,-7.288,-7.046,-7.434,-7.498,-6.665,-7.768,-7.053,-7.22,-7.35,-6.915,-6.81
FA10_decoy_L023440,decoy,development_train,-9.536,-8.186,-9.211,-9.263,-9.277,-9.651,-9.172,-8.573,-9.387,-8.976,-9.74,-9.302,-9.981
FA10_decoy_L023517,decoy,development_train,-8.948,-9.137,-9.223,-9.317,-9.057,-9.305,-9.569,-8.179,-9.334,-9.055,-9.704,-9.295,-8.41
FA10_decoy_L008249,decoy,development_train,-6.96,-6.526,-8.516,-8.691,-8.221,-8.327,-7.538,-6.605,-7.062,-7.451,-7.812,-8.668,-7.373
FA10_decoy_L011585,decoy,development_train,-8.433,-8.337,-8.878,-8.491,-8.823,-8.739,-8.349,-6.42,-8.446,-8.261,-7.981,-8.194,-8.39
FA10_decoy_L014633,decoy,development_train,-8.581,-8.718,-8.907,-9.008,-9.016,-8.92,-8.813,-9.187,-8.819,-8.235,-9.143,-9.004,-9.185
FA10_decoy_L016921,decoy,development_train,-9.349,-8.868,-10.026,-10.176,-10.032,-10.219,-9.803,-8.935,-9.611,-10.114,-9.945,-9.694,-9.562
FA10_decoy_L022057,decoy,development_train,-9.602,-8.778,-10.187,-9.039,-9.156,-9.911,-9.952,-9.682,-9.658,-9.178,-10.148,-9.12,-9.157
FA10_decoy_L004135,decoy,development_train,-9.364,-7.931,-8.835,-9.556,-9.476,-8.888,-9.239,-7.653,-8.357,-9.008,-9.677,-9.318,-9.763
FA10_decoy_L010954,decoy,development_train,-8.995,-7.537,-7.791,-8.737,-8.884,-8.416,-8.78,-7.817,-9.135,-8.279,-8.104,-8.676,-8.81
FA10_decoy_L012833,decoy,development_train,-8.883,-8.044,-8.83,-9.281,-9.493,-8.873,-8.623,-8.194,-9.259,-8.717,-9.193,-9.089,-7.717
FA10_decoy_L017408,decoy,development_train,-9.064,-9.947,-9.09,-9.722,-8.97,-9.514,-9.443,-10.37,-9.861,-9.5,-9.338,-8.799,-9.711
FA10_decoy_L010559,decoy,development_train,-10.036,-9.436,-9.337,-9.997,-9.693,-9.127,-9.622,-9.221,-10.252,-9.518,-9.191,-9.983,-9.17
FA10_decoy_L007204,decoy,development_train,-8.882,-9.473,-8.869,-8.266,-9.017,-8.737,-8.713,-9.192,-9.09,-8.613,-9.104,-8.812,-9.145
FA10_decoy_L011632,decoy,development_train,-8.488,-8.285,-8.998,-8.748,-8.877,-8.346,-8.478,-8.365,-8.115,-8.399,-8.663,-8.826,-8.684
FA10_decoy_L007544,decoy,development_train,-6.986,-6.755,-6.861,-6.294,-6.727,-6.309,-6.412,-6.873,-6.511,-6.498,-6.828,-6.651,-6.863
FA10_decoy_L008129,decoy,development_train,-7.366,-7.313,-6.997,-7.406,-7.553,-6.717,-6.932,-7.026,-7.604,-7.177,-7.558,-7.289,-7.176
FA10_decoy_L011605,decoy,development_train,-7.603,-7.575,-7.244,-7.057,-7.301,-7.034,-7.174,-7.103,-7.106,-6.978,-6.939,-7.048,-7.68
FA10_decoy_L020908,decoy,development_train,-7.329,-7.58,-6.795,-8.039,-7.236,-6.654,-6.945,-7.09,-7.321,-7.238,-6.988,-7.818,-7.849
FA10_decoy_L020332,decoy,development_train,-9.466,-8.453,-8.936,-8.812,-9.268,-8.548,-8.679,-8.7,-9.132,-8.779,-8.621,-9.084,-8.754
FA10_decoy_L021547,decoy,development_train,-9.111,-8.051,-8.967,-8.937,-8.338,-8.311,-8.402,-8.009,-8.34,-9.047,-8.76,-8.816,-8.284
FA10_decoy_L001022,decoy,development_train,-8.179,-7.628,-7.914,-7.398,-7.755,-7.625,-7.878,-7.929,-8.083,-7.49,-7.784,-7.509,-7.876
FA10_decoy_L004528,decoy,development_train,-8.722,-7.918,-8.566,-8.36,-8.957,-7.958,-8.224,-7.344,-8.691,-8.132,-8.477,-8.779,-7.346
FA10_decoy_L014656,decoy,development_train,-8.464,-7.615,-8.941,-8.394,-8.267,-8.772,-8.019,-7.559,-7.916,-7.722,-8.229,-8.609,-7.683
FA10_decoy_L013974,decoy,development_train,-8.117,-8.032,-8.269,-8.923,-8.997,-8.366,-8.568,-8.329,-8.363,-8.387,-8.356,-9.172,-8.402
FA10_decoy_L013987,decoy,development_train,-8.64,-7.772,-8.717,-8.982,-9.052,-8.553,-8.95,-8.782,-8.636,-7.729,-8.756,-9.485,-8.561
FA10_decoy_L021762,decoy,development_train,-8.423,-6.807,-8.715,-8.25,-7.85,-7.985,-7.675,-7.307,-7.682,-9.067,-8.325,-8.356,-7.757
FA10_decoy_L021763,decoy,development_train,-9.088,-7.304,-8.223,-8.552,-8.028,-7.456,-7.846,-8.352,-7.529,-7.847,-7.709,-8.241,-7.389
FA10_decoy_L022534,decoy,development_train,-8.643,-7.964,-8.555,-7.154,-7.824,-8.212,-7.853,-7.914,-7.743,-7.712,-7.601,-8.107,-7.848
FA10_decoy_L022538,decoy,development_train,-7.602,-6.93,-7.784,-7.36,-8.546,-7.355,-8.192,-8.21,-7.714,-7.688,-6.719,-7.721,-7.709
FA10_decoy_L022539,decoy,development_train,-7.626,-8.231,-8.219,-8.16,-7.718,-8.418,-9.128,-6.765,-8.574,-7.415,-6.989,-9.708,-9.406
FA10_decoy_L022541,decoy,development_train,-8.459,-6.74,-8.191,-7.866,-8.204,-7.761,-8.126,-8.181,-7.822,-8.306,-8.02,-8.659,-7.124
FA10_decoy_L022543,decoy,development_train,-8.464,-8.107,-8.378,-8.131,-8.856,-8.167,-8.813,-7.503,-8.428,-8.221,-8.308,-8.605,-8.68
FA10_decoy_L022545,decoy,development_train,-7.607,-7.823,-8.077,-7.666,-8.095,-7.87,-8.164,-8.395,-8.188,-7.768,-8.277,-8.593,-7.252
FA10_decoy_L022546,decoy,development_train,-8.013,-7.041,-9.176,-8.069,-8.442,-7.707,-8.057,-8.427,-6.906,-7.939,-8.311,-8.526,-7.443
FA10_decoy_L022548,decoy,development_train,-8.958,-8.075,-7.598,-8.308,-8.038,-7.907,-7.73,-8.364,-8.076,-8.216,-7.81,-8.061,-8.227
FA10_decoy_L002825,decoy,development_train,-10.026,-8.919,-8.88,-9.801,-10.451,-8.97,-10.266,-10.044,-10.619,-9.758,-9.08,-10.193,-9.737
FA10_decoy_L009198,decoy,development_train,-8.268,-7.075,-8.265,-8.224,-8.358,-8.542,-8.384,-6.593,-8.741,-8.602,-8.316,-8.163,-7.318
FA10_decoy_L015180,decoy,development_train,-7.978,-6.544,-8.169,-7.559,-7.938,-7.159,-7.667,-7.295,-7.065,-7.27,-8.148,-7.622,-6.859
FA10_decoy_L015445,decoy,development_train,-9.582,-8.051,-9.08,-9.043,-9.187,-9.219,-9.505,-8.612,-9.431,-9.446,-8.994,-9.486,-8.488
FA10_decoy_L015446,decoy,development_train,-9.383,-8.588,-9.339,-8.999,-9.245,-9.445,-9.212,-8.221,-9.723,-9.063,-9.291,-9.129,-8.087
FA10_decoy_L002441,decoy,development_train,-8.806,-7.986,-8.549,-9.239,-8.092,-7.691,-8.482,-8.133,-8.658,-8.549,-7.921,-8.754,-8.758
FA10_decoy_L002442,decoy,development_train,-8.453,-7.808,-8.071,-8.006,-8.746,-7.297,-8.082,-7.73,-8.921,-7.925,-7.797,-8.061,-8.425
FA10_decoy_L026927,decoy,development_train,-8.584,-8.335,-8.763,-8.414,-8.825,-8.718,-8.702,-8.624,-8.91,-8.366,-8.732,-8.325,-8.407
FA10_decoy_L008090,decoy,development_train,-8.13,-7.332,-8.01,-8.69,-7.865,-7.917,-8.142,-8.58,-7.848,-8.091,-8.055,-8.633,-7.534
FA10_decoy_L008091,decoy,development_train,-8.308,-8.573,-7.243,-7.65,-8.06,-8.415,-8.302,-8.218,-7.979,-8.744,-8.794,-8.082,-7.377
FA10_decoy_L008092,decoy,development_train,-8.111,-7.784,-7.877,-7.863,-7.889,-7.551,-7.757,-8.75,-7.922,-7.931,-8.155,-7.983,-7.787
FA10_decoy_L008093,decoy,development_train,-8.062,-8.691,-7.398,-7.075,-8.414,-7.522,-7.675,-8.284,-8.241,-8.159,-8.764,-7.48,-7.064
FA10_decoy_L013037,decoy,development_train,-7.232,-7.25,-7.288,-6.853,-7.286,-6.777,-6.97,-7.241,-7.303,-7.303,-7.4,-7.201,-6.995
FA10_decoy_L011933,decoy,development_train,-7.372,-6.664,-6.262,-7.274,-7.607,-6.845,-6.834,-6.857,-7.478,-7.634,-6.583,-7.371,-6.712
FA10_decoy_L012599,decoy,development_train,-6.924,-6.671,-5.975,-6.569,-6.776,-6.287,-6.713,-6.268,-6.004,-6.362,-5.585,-6.264,-6.529
FA10_decoy_L014495,decoy,development_train,-7.245,-6.85,-6.04,-7.572,-6.838,-6.502,-6.954,-6.557,-6.575,-7.009,-6.197,-7.297,-6.624
FA10_decoy_L017813,decoy,development_train,-6.644,-6.424,-5.992,-7.331,-6.85,-6.697,-6.764,-6.632,-6.74,-7.536,-6.422,-7.468,-6.698
FA10_decoy_L021615,decoy,development_train,-6.892,-6.877,-6.172,-6.627,-7.013,-6.423,-6.727,-6.014,-6.659,-6.716,-6.27,-6.961,-6.82
FA10_decoy_L026775,decoy,development_train,-6.923,-6.322,-5.789,-6.238,-6.486,-6.05,-6.193,-6.569,-6.511,-6.114,-7.169,-6.614,-6.516
FA10_decoy_L026816,decoy,development_train,-7.084,-6.687,-5.393,-6.911,-7.091,-6.069,-6.186,-6.245,-7.07,-6.757,-6.218,-7.326,-6.599
FA10_decoy_L026817,decoy,development_train,-6.46,-6.248,-5.936,-6.605,-6.035,-6.424,-6.281,-6.226,-5.643,-6.711,-6.27,-6.977,-6.225
FA10_decoy_L008974,decoy,development_train,-8.112,-7.811,-8.055,-8.23,-7.797,-7.62,-8.058,-7.325,-8.036,-8.045,-8.185,-7.946,-7.881
FA10_decoy_L009010,decoy,development_train,-7.654,-7.92,-8.196,-7.856,-8.041,-7.654,-7.885,-8.082,-8.484,-7.942,-8.24,-7.904,-7.881
FA10_decoy_L016510,decoy,development_train,-8.139,-7.391,-7.54,-8.496,-7.744,-7.502,-7.513,-7.225,-7.824,-7.157,-7.674,-8.523,-7.451
FA10_decoy_L020797,decoy,development_train,-8.267,-7.893,-8.43,-8.196,-8.15,-7.755,-8.384,-7.966,-7.91,-8.35,-8.524,-7.841,-8.285
FA10_decoy_L005870,decoy,development_train,-9.17,-8.471,-9.537,-8.663,-9.472,-8.471,-9.596,-7.986,-9.179,-9.163,-8.727,-8.98,-8.524
FA10_decoy_L010892,decoy,development_train,-8.06,-7.576,-8.068,-7.712,-8.026,-7.899,-8.089,-7.286,-7.658,-8.53,-8.319,-8.134,-7.657
FA10_decoy_L011343,decoy,development_train,-8.085,-7.987,-8.569,-8.026,-7.98,-8.027,-8.475,-7.906,-7.88,-8.244,-8.032,-8.008,-7.961
FA10_decoy_L016342,decoy,development_train,-8.266,-7.86,-7.841,-7.948,-8.16,-7.72,-7.759,-7.986,-7.999,-7.608,-8.316,-8.168,-7.96
FA10_decoy_L021788,decoy,development_train,-8.824,-9.118,-8.129,-8.144,-8.622,-8.405,-8.602,-8.434,-8.657,-8.679,-8.886,-8.207,-9.064
FA10_decoy_L024286,decoy,development_train,-8.488,-7.831,-8.444,-7.861,-8.865,-8.404,-8.488,-7.429,-8.685,-8.349,-8.759,-8.227,-7.802
FA10_decoy_L024290,decoy,development_train,-8.042,-7.945,-8.284,-7.88,-8.376,-8.463,-8.51,-7.347,-8.13,-8.372,-8.633,-8.255,-7.759
FA10_decoy_L008064,decoy,development_train,-7.171,-7.817,-7.09,-7.632,-7.114,-7.742,-7.301,-7.684,-7.145,-7.836,-7.981,-8.003,-7.833
FA10_decoy_L018980,decoy,development_train,-7.601,-7.425,-7.901,-7.963,-8.004,-7.733,-7.701,-8.196,-7.903,-7.927,-7.55,-7.548,-8.013
FA10_decoy_L015135,decoy,development_train,-8.54,-8.642,-8.8,-9.123,-8.488,-8.781,-8.396,-8.021,-8.323,-8.554,-8.521,-8.427,-8.696
FA10_decoy_L009761,decoy,development_train,-9.255,-8.185,-8.342,-8.352,-9.278,-8.358,-9.395,-8.409,-9.209,-8.643,-8.715,-8.889,-8.66
FA10_decoy_L009762,decoy,development_train,-9.048,-8.26,-8.612,-8.782,-9.585,-8.367,-8.967,-8.053,-9.305,-8.907,-8.612,-8.671,-8.403
FA10_decoy_L011097,decoy,development_train,-9.042,-8.98,-8.722,-9.193,-8.758,-8.539,-8.805,-8.417,-8.981,-9.192,-8.723,-8.975,-9.583
FA10_decoy_L007522,decoy,development_train,-6.84,-6.531,-6.172,-6.994,-6.361,-6.144,-6.815,-6.35,-6.061,-6.409,-6.337,-7.108,-6.391
FA10_decoy_L008402,decoy,development_train,-8.031,-7.369,-7.726,-8.012,-7.378,-7.881,-8.124,-7.325,-7.085,-7.817,-8.01,-8.26,-7.45
FA10_decoy_L008403,decoy,development_train,-7.202,-6.886,-7.199,-7.556,-6.757,-7.049,-7.49,-6.881,-6.342,-7.0,-7.01,-7.842,-7.519
FA10_decoy_L008410,decoy,development_train,-7.715,-5.987,-7.415,-6.746,-7.699,-7.205,-7.902,-6.13,-6.831,-7.371,-7.522,-7.631,-6.529
FA10_decoy_L008411,decoy,development_train,-7.102,-6.672,-7.237,-6.766,-6.597,-7.134,-6.744,-6.555,-6.936,-7.193,-7.167,-7.045,-7.052
FA10_decoy_L014811,decoy,development_train,-9.573,-9.752,-9.433,-9.795,-9.649,-9.826,-9.309,-9.658,-9.848,-9.523,-10.424,-9.58,-9.391
FA10_decoy_L025281,decoy,development_train,-9.135,-8.588,-9.542,-9.08,-9.511,-9.425,-9.042,-7.85,-9.212,-9.116,-9.262,-9.216,-8.504
FA10_decoy_L009813,decoy,development_train,-9.092,-7.957,-9.224,-8.955,-8.722,-9.1,-8.674,-8.418,-9.238,-8.434,-8.849,-8.85,-7.488
FA10_decoy_L016683,decoy,development_train,-8.484,-7.915,-7.278,-8.698,-8.297,-8.604,-8.011,-7.918,-7.39,-7.963,-9.408,-8.987,-8.419
FA10_decoy_L012964,decoy,development_train,-7.62,-7.03,-8.325,-8.116,-8.151,-8.114,-7.781,-7.897,-8.2,-7.47,-7.912,-7.986,-7.813
FA10_decoy_L012983,decoy,development_train,-7.935,-7.297,-7.794,-8.769,-8.027,-7.982,-7.824,-7.98,-8.112,-8.113,-7.59,-8.806,-7.31
FA10_decoy_L024518,decoy,development_train,-8.259,-8.132,-9.003,-7.98,-7.737,-8.745,-7.518,-8.197,-7.737,-8.35,-8.052,-8.147,-8.368
FA10_decoy_L024519,decoy,development_train,-6.884,-6.736,-7.61,-8.28,-7.149,-7.251,-6.743,-7.471,-7.281,-7.425,-7.464,-6.705,-6.885
FA10_decoy_L006228,decoy,development_train,-7.764,-7.862,-7.564,-8.054,-8.604,-7.663,-7.359,-8.028,-8.677,-7.631,-7.388,-8.059,-7.966
FA10_decoy_L012182,decoy,development_train,-7.11,-7.226,-6.706,-7.087,-7.493,-7.162,-7.149,-7.013,-7.439,-6.838,-7.166,-7.137,-6.902
FA10_decoy_L012331,decoy,development_train,-7.227,-6.722,-6.576,-7.25,-6.848,-6.809,-6.894,-7.057,-6.753,-7.025,-6.453,-7.594,-6.606
FA10_decoy_L013300,decoy,development_train,-8.329,-8.654,-7.704,-8.281,-8.169,-8.036,-8.442,-9.161,-8.368,-7.82,-7.772,-8.115,-8.252
FA10_decoy_L013440,decoy,development_train,-6.862,-7.222,-6.219,-6.988,-6.683,-6.297,-7.075,-7.736,-6.53,-6.718,-6.312,-6.943,-7.218
FA10_decoy_L014512,decoy,development_train,-6.89,-7.354,-7.476,-7.395,-8.022,-7.455,-7.09,-7.178,-7.959,-7.148,-7.503,-7.365,-7.508
FA10_decoy_L018342,decoy,development_train,-6.661,-6.804,-6.661,-7.599,-7.217,-6.696,-7.307,-6.603,-6.935,-6.774,-6.384,-7.745,-6.772
FA10_decoy_L022771,decoy,development_train,-7.255,-8.026,-6.957,-7.521,-7.355,-6.971,-7.244,-7.655,-7.127,-7.423,-7.769,-7.504,-8.021
FA10_decoy_L023687,decoy,development_train,-7.685,-8.385,-7.23,-7.832,-7.775,-7.224,-7.982,-8.926,-7.625,-7.122,-7.874,-7.231,-7.651
FA10_decoy_L027423,decoy,development_train,-7.313,-7.109,-7.129,-7.123,-7.786,-7.207,-6.955,-7.648,-7.575,-7.365,-7.044,-7.12,-7.001
FA10_decoy_L028091,decoy,development_train,-8.034,-8.001,-7.798,-7.749,-7.746,-7.519,-7.941,-8.717,-7.835,-8.005,-7.648,-7.986,-7.779
FA10_decoy_L028092,decoy,development_train,-7.258,-7.718,-6.972,-8.294,-7.564,-7.244,-7.203,-7.87,-7.859,-7.951,-7.191,-7.919,-7.77
FA10_decoy_L028093,decoy,development_train,-7.384,-7.859,-8.189,-8.126,-7.437,-7.341,-7.89,-8.008,-7.634,-7.409,-7.711,-7.817,-7.956
FA10_decoy_L009988,decoy,development_train,-9.669,-8.618,-10.113,-9.543,-9.68,-8.406,-9.37,-7.924,-9.799,-7.942,-9.037,-9.681,-8.755
FA10_decoy_L009989,decoy,development_train,-9.37,-9.621,-9.779,-10.617,-9.511,-9.547,-9.267,-8.759,-9.877,-9.303,-8.507,-8.978,-9.219
FA10_decoy_L009990,decoy,development_train,-9.996,-9.329,-9.252,-9.572,-9.772,-9.215,-9.379,-9.08,-9.92,-9.108,-9.34,-9.636,-8.985
FA10_decoy_L011114,decoy,development_train,-9.964,-9.414,-8.56,-9.556,-9.94,-8.805,-9.513,-9.575,-9.976,-9.374,-9.125,-9.387,-10.059
FA10_decoy_L002452,decoy,development_train,-7.971,-6.909,-7.509,-7.862,-8.493,-7.758,-7.756,-6.417,-7.829,-7.79,-7.61,-7.921,-7.043
FA10_decoy_L014058,decoy,development_train,-8.294,-8.414,-8.826,-9.772,-8.965,-8.472,-8.842,-8.718,-8.642,-8.791,-8.243,-8.359,-9.237
FA10_decoy_L002674,decoy,development_train,-9.436,-9.95,-8.203,-8.964,-9.544,-8.141,-9.199,-10.478,-9.506,-9.523,-8.604,-9.233,-9.74
FA10_decoy_L002760,decoy,development_train,-9.413,-9.407,-8.576,-9.457,-9.036,-8.534,-9.742,-8.906,-8.966,-9.208,-8.614,-9.732,-9.326
FA10_decoy_L002763,decoy,development_train,-9.731,-9.761,-8.537,-9.197,-9.336,-8.308,-9.385,-10.01,-9.014,-9.515,-8.142,-9.032,-9.95
FA10_decoy_L015377,decoy,development_train,-10.428,-9.932,-8.458,-8.976,-10.354,-8.374,-9.125,-9.604,-10.433,-9.744,-8.226,-9.232,-9.987
FA10_decoy_L015379,decoy,development_train,-9.401,-10.083,-8.798,-10.102,-9.004,-8.548,-9.245,-9.534,-9.185,-9.943,-8.494,-10.516,-10.334
FA10_decoy_L015380,decoy,development_train,-10.022,-9.74,-8.34,-9.446,-9.011,-8.656,-9.031,-10.296,-9.073,-9.71,-8.779,-9.928,-9.947
FA10_decoy_L021251,decoy,development_train,-7.573,-6.999,-7.663,-7.744,-8.22,-7.106,-7.73,-6.943,-6.775,-7.189,-7.475,-7.761,-7.385
FA10_decoy_L003840,decoy,development_train,-9.176,-8.831,-8.848,-8.997,-8.576,-8.682,-8.938,-7.909,-8.26,-9.108,-8.818,-9.085,-9.449
FA10_decoy_L001349,decoy,development_train,-9.191,-8.215,-8.276,-8.582,-9.298,-8.346,-8.919,-8.268,-9.344,-7.708,-8.547,-8.228,-8.994
FA10_decoy_L004825,decoy,development_train,-9.121,-9.613,-8.818,-9.06,-8.971,-8.676,-8.966,-9.147,-9.239,-9.171,-8.697,-8.796,-9.575
FA10_decoy_L004826,decoy,development_train,-9.4,-8.715,-8.043,-9.3,-9.528,-8.191,-9.483,-8.06,-9.663,-8.993,-9.156,-9.302,-8.904
FA10_decoy_L016743,decoy,development_train,-7.837,-8.075,-8.325,-7.901,-8.138,-7.649,-8.545,-7.74,-8.15,-7.821,-7.738,-8.205,-8.136
FA10_decoy_L027016,decoy,development_train,-8.629,-8.715,-9.21,-9.777,-8.98,-9.258,-8.802,-8.989,-8.735,-9.066,-9.271,-9.061,-8.647
FA10_decoy_L006196,decoy,development_train,-8.698,-8.167,-8.809,-8.606,-9.115,-8.654,-8.828,-8.455,-8.381,-8.464,-8.929,-8.982,-7.614
FA10_decoy_L012410,decoy,development_train,-8.76,-8.988,-8.746,-8.659,-8.858,-8.667,-9.121,-9.727,-8.462,-8.842,-8.828,-8.683,-9.1
FA10_decoy_L015049,decoy,development_train,-8.574,-9.102,-9.131,-9.437,-8.695,-9.024,-9.363,-9.412,-9.248,-9.065,-8.892,-9.803,-9.26
FA10_decoy_L005093,decoy,development_train,-9.12,-7.929,-8.229,-9.003,-9.209,-8.094,-8.349,-7.225,-8.55,-7.935,-7.825,-9.116,-7.565
FA10_decoy_L020941,decoy,development_train,-8.69,-8.178,-8.876,-8.715,-8.143,-8.521,-7.901,-7.704,-8.021,-8.463,-7.408,-8.554,-8.466
FA10_decoy_L027172,decoy,development_train,-9.946,-9.306,-10.364,-9.553,-9.957,-10.126,-9.993,-9.211,-10.24,-9.525,-10.353,-9.454,-9.784
FA10_decoy_L007294,decoy,development_train,-9.368,-7.211,-9.493,-8.943,-9.53,-9.232,-9.213,-8.854,-9.886,-9.433,-9.324,-8.757,-7.581
FA10_decoy_L007047,decoy,development_train,-8.091,-8.033,-7.535,-7.91,-7.928,-7.811,-8.047,-8.059,-8.043,-7.954,-7.818,-7.882,-7.924
FA10_decoy_L004281,decoy,development_train,-10.391,-9.63,-9.643,-9.579,-10.69,-9.508,-10.134,-8.869,-10.012,-9.611,-9.148,-9.8,-9.435
FA10_decoy_L004382,decoy,development_train,-9.986,-9.572,-10.595,-9.771,-9.75,-10.095,-10.075,-9.329,-9.692,-9.502,-10.084,-9.708,-9.57
FA10_decoy_L015389,decoy,development_train,-9.871,-9.82,-10.68,-9.764,-9.676,-10.165,-9.918,-8.949,-9.87,-9.465,-10.123,-9.604,-9.436
FA10_decoy_L001989,decoy,development_train,-8.832,-8.144,-8.24,-8.712,-8.981,-8.539,-8.677,-9.233,-8.816,-8.656,-8.77,-8.709,-8.619
FA10_decoy_L010072,decoy,development_train,-7.222,-6.936,-7.872,-7.636,-7.861,-7.541,-7.393,-6.874,-7.569,-7.396,-7.539,-7.88,-7.449
FA10_decoy_L008635,decoy,development_train,-8.921,-9.612,-8.473,-9.401,-8.563,-8.114,-9.221,-9.489,-9.02,-8.686,-8.235,-9.082,-9.899
FA10_decoy_L008636,decoy,development_train,-8.365,-9.065,-8.228,-9.217,-8.618,-8.399,-8.482,-7.88,-8.951,-8.625,-8.211,-9.502,-8.866
FA10_decoy_L008637,decoy,development_train,-8.343,-8.018,-8.22,-7.708,-8.545,-8.202,-8.539,-7.822,-8.43,-7.78,-7.907,-7.954,-8.095
FA10_decoy_L000648,decoy,development_train,-8.594,-7.339,-8.408,-8.58,-8.71,-8.275,-8.119,-7.026,-8.253,-8.431,-8.5,-9.051,-7.917
FA10_decoy_L008049,decoy,development_train,-9.565,-8.566,-9.74,-9.254,-9.423,-9.277,-9.16,-8.946,-9.908,-9.541,-9.599,-9.873,-8.643
FA10_decoy_L003649,decoy,development_train,-8.455,-7.657,-8.302,-8.935,-7.861,-8.112,-7.991,-7.837,-7.994,-8.606,-7.634,-9.049,-7.78
FA10_decoy_L001137,decoy,development_train,-7.918,-7.325,-7.042,-7.309,-8.158,-7.238,-7.889,-7.226,-8.241,-7.096,-6.905,-7.612,-7.879
FA10_decoy_L004144,decoy,development_train,-7.236,-7.488,-7.204,-7.231,-7.587,-7.223,-7.409,-7.28,-7.441,-6.992,-6.912,-7.194,-7.234
FA10_decoy_L006190,decoy,development_train,-6.81,-7.553,-6.691,-6.972,-7.136,-6.664,-6.683,-7.322,-7.136,-7.334,-6.959,-6.892,-7.632
FA10_decoy_L006242,decoy,development_train,-7.072,-7.623,-6.929,-7.804,-7.327,-6.591,-6.78,-6.975,-7.113,-7.259,-6.534,-8.091,-7.258
FA10_decoy_L007089,decoy,development_train,-6.599,-6.559,-5.983,-6.162,-6.464,-6.401,-6.329,-6.502,-6.726,-6.224,-6.333,-6.159,-6.43
FA10_decoy_L007372,decoy,development_train,-8.035,-7.897,-7.211,-7.742,-7.984,-7.602,-8.1,-7.946,-7.943,-7.706,-7.43,-7.648,-8.053
FA10_decoy_L011733,decoy,development_train,-7.598,-7.256,-7.486,-7.499,-7.563,-7.102,-7.54,-8.331,-7.653,-7.716,-7.306,-7.583,-7.659
FA10_decoy_L014317,decoy,development_train,-7.514,-7.806,-7.65,-8.037,-7.798,-7.672,-7.775,-7.027,-7.734,-7.018,-7.646,-8.02,-7.577
FA10_decoy_L014741,decoy,development_train,-7.184,-7.222,-6.692,-6.887,-7.412,-6.913,-7.837,-6.911,-7.162,-7.376,-7.229,-6.875,-7.603
FA10_decoy_L014758,decoy,development_train,-7.04,-7.678,-6.406,-7.444,-6.81,-7.392,-7.401,-7.917,-7.2,-7.765,-6.5,-7.228,-8.536
FA10_decoy_L019615,decoy,development_train,-6.731,-6.528,-6.332,-6.121,-6.554,-6.402,-6.889,-6.224,-6.626,-6.365,-6.363,-6.693,-6.564
FA10_decoy_L019760,decoy,development_train,-6.859,-6.349,-6.826,-6.94,-6.441,-7.094,-7.449,-6.001,-6.511,-6.665,-7.032,-6.565,-6.253
FA10_decoy_L021380,decoy,development_train,-7.198,-7.431,-6.771,-7.103,-7.105,-6.997,-7.314,-7.491,-7.068,-7.463,-6.801,-7.266,-7.423
FA10_decoy_L025163,decoy,development_train,-7.224,-6.767,-6.697,-6.717,-7.093,-7.018,-6.645,-7.077,-6.789,-6.872,-7.005,-6.835,-6.946
FA10_decoy_L025164,decoy,development_train,-6.835,-7.142,-6.331,-6.898,-7.476,-6.889,-7.054,-7.159,-6.919,-6.598,-6.652,-6.861,-7.201
FA10_decoy_L025165,decoy,development_train,-7.35,-7.479,-6.485,-6.559,-7.028,-6.487,-6.847,-7.372,-6.59,-7.235,-6.507,-7.027,-7.713
FA10_decoy_L025174,decoy,development_train,-6.884,-7.139,-6.792,-6.503,-7.107,-6.881,-7.035,-7.015,-7.161,-6.814,-6.907,-6.631,-7.096
FA10_decoy_L025268,decoy,development_train,-6.665,-7.043,-6.654,-7.059,-6.809,-6.057,-6.785,-6.128,-6.52,-6.624,-5.942,-6.678,-6.994
FA10_decoy_L021054,decoy,development_train,-9.623,-8.9,-9.301,-9.104,-9.89,-8.826,-9.358,-8.631,-9.998,-9.691,-9.199,-9.261,-9.055
FA10_decoy_L015229,decoy,development_train,-9.16,-9.733,-9.512,-9.878,-9.077,-9.391,-8.829,-9.135,-9.18,-9.078,-9.295,-9.474,-9.573
FA10_decoy_L005176,decoy,development_train,-9.092,-9.493,-8.679,-8.971,-9.295,-8.443,-9.285,-9.294,-9.033,-8.811,-8.048,-9.027,-9.368
FA10_decoy_L015017,decoy,development_train,-7.857,-8.24,-7.906,-8.542,-8.168,-7.624,-7.573,-8.395,-7.664,-8.099,-7.823,-8.05,-8.531
FA10_decoy_L000632,decoy,development_train,-8.688,-7.068,-8.439,-8.545,-9.173,-8.694,-8.604,-8.385,-9.271,-7.532,-8.745,-8.704,-7.665
FA10_decoy_L019318,decoy,development_train,-8.833,-8.473,-7.644,-9.073,-8.664,-8.114,-8.584,-8.749,-8.715,-7.66,-8.967,-8.42,-8.157
FA10_decoy_L000339,decoy,development_train,-8.988,-6.994,-9.813,-9.054,-9.884,-9.147,-9.144,-8.824,-9.356,-8.866,-9.551,-9.351,-7.48
FA10_decoy_L003418,decoy,development_train,-9.107,-8.335,-9.488,-8.964,-9.453,-8.776,-9.516,-8.078,-9.953,-9.042,-9.429,-9.309,-7.269
FA10_decoy_L026229,decoy,development_train,-9.402,-9.061,-8.157,-8.1,-8.613,-8.253,-8.525,-8.3,-8.854,-8.229,-8.635,-8.332,-8.634
FA10_decoy_L016426,decoy,development_train,-8.579,-7.71,-8.222,-8.243,-8.62,-8.235,-8.351,-8.724,-8.883,-8.19,-8.485,-8.158,-8.104
FA10_decoy_L000166,decoy,development_train,-9.932,-9.233,-9.961,-8.955,-10.235,-9.494,-9.675,-8.125,-10.549,-9.526,-9.653,-9.082,-9.449
FA10_decoy_L022490,decoy,development_train,-8.749,-7.878,-8.315,-8.449,-8.773,-7.868,-8.735,-7.825,-8.837,-8.833,-8.261,-8.922,-8.38
FA10_decoy_L023353,decoy,development_train,-8.089,-7.577,-8.02,-7.534,-7.992,-7.247,-8.571,-7.45,-7.835,-7.953,-7.221,-7.559,-7.549
FA10_decoy_L007187,decoy,development_train,-8.104,-8.198,-8.034,-8.036,-7.964,-8.057,-7.77,-7.372,-8.043,-7.63,-8.126,-7.738,-8.31
FA10_decoy_L003385,decoy,development_train,-10.411,-10.044,-11.076,-10.834,-10.858,-10.578,-10.627,-10.491,-11.17,-10.455,-10.811,-10.759,-10.349
FA10_decoy_L003869,decoy,development_train,-11.144,-10.426,-10.254,-11.138,-11.063,-10.266,-10.976,-9.815,-11.017,-10.637,-10.227,-10.859,-10.372
FA10_decoy_L009601,decoy,development_train,-9.447,-9.686,-9.164,-10.305,-9.178,-9.218,-8.957,-8.953,-9.251,-9.822,-9.508,-10.411,-9.569
FA10_decoy_L010321,decoy,development_train,-11.217,-10.27,-10.136,-11.187,-10.791,-10.044,-10.463,-9.952,-10.554,-10.311,-9.855,-11.428,-10.218
FA10_decoy_L010322,decoy,development_train,-10.745,-10.147,-10.836,-10.443,-11.117,-10.673,-10.515,-9.253,-11.523,-10.428,-10.633,-10.786,-10.006
FA10_decoy_L010323,decoy,development_train,-10.743,-10.276,-9.963,-9.987,-10.787,-9.909,-10.314,-9.781,-11.128,-10.499,-9.949,-11.025,-10.556
FA10_decoy_L010324,decoy,development_train,-10.937,-11.062,-10.218,-9.886,-11.114,-10.755,-9.914,-9.32,-10.627,-10.877,-10.788,-9.637,-10.744
FA10_decoy_L010459,decoy,development_train,-9.744,-9.831,-10.47,-9.423,-10.562,-9.576,-9.812,-9.388,-10.658,-9.849,-9.693,-9.827,-10.029
FA10_decoy_L010460,decoy,development_train,-11.359,-10.316,-11.072,-10.951,-10.645,-10.726,-10.206,-9.435,-11.097,-11.144,-10.496,-10.694,-10.457
FA10_decoy_L010633,decoy,development_train,-11.695,-10.471,-9.785,-11.416,-10.778,-9.85,-10.246,-9.88,-10.141,-10.073,-10.158,-11.691,-10.564
FA10_decoy_L010634,decoy,development_train,-11.427,-10.5,-11.238,-10.922,-11.251,-11.058,-10.992,-10.21,-11.472,-10.925,-10.691,-11.013,-10.618
FA10_decoy_L010888,decoy,development_train,-11.875,-10.013,-10.469,-11.385,-10.182,-10.038,-10.074,-9.555,-10.017,-9.931,-10.25,-11.425,-9.954
FA10_decoy_L010889,decoy,development_train,-10.915,-9.851,-11.155,-11.086,-11.121,-10.949,-11.025,-8.607,-11.181,-10.786,-10.98,-11.573,-10.666
FA10_decoy_L011248,decoy,development_train,-10.335,-10.009,-10.521,-10.68,-10.446,-10.789,-10.066,-10.085,-10.715,-10.25,-10.801,-10.467,-9.896
FA10_decoy_L011249,decoy,development_train,-10.32,-10.574,-11.062,-9.649,-10.631,-10.207,-10.312,-9.875,-10.472,-10.479,-10.555,-10.697,-10.007
FA10_decoy_L011328,decoy,development_train,-11.046,-10.584,-10.771,-11.011,-11.331,-10.804,-10.978,-10.505,-11.069,-10.666,-10.578,-11.217,-10.745
FA10_decoy_L011329,decoy,development_train,-10.749,-9.969,-9.684,-11.616,-10.239,-9.776,-10.716,-9.869,-10.457,-10.125,-10.022,-11.092,-10.214
FA10_decoy_L011333,decoy,development_train,-10.591,-10.059,-11.361,-11.133,-10.712,-11.125,-10.807,-9.982,-10.651,-10.514,-10.927,-10.709,-10.696
FA10_decoy_L011334,decoy,development_train,-11.009,-10.054,-11.06,-11.746,-10.776,-10.116,-10.397,-10.055,-10.96,-10.609,-10.178,-10.602,-10.223
FA10_decoy_L011337,decoy,development_train,-11.523,-9.395,-10.005,-11.025,-10.231,-9.875,-11.182,-10.046,-10.534,-11.46,-10.081,-11.18,-10.422
FA10_decoy_L013317,decoy,development_train,-9.99,-9.615,-9.339,-9.557,-10.298,-8.946,-9.916,-9.819,-10.298,-9.786,-9.034,-9.694,-9.284
FA10_decoy_L013350,decoy,development_train,-10.129,-10.003,-9.547,-10.683,-10.047,-9.681,-10.046,-9.373,-10.047,-9.822,-9.893,-10.569,-9.631
FA10_decoy_L016525,decoy,development_train,-9.831,-9.593,-9.486,-9.188,-10.304,-9.367,-9.86,-9.521,-10.127,-9.425,-9.468,-9.885,-8.996
FA10_decoy_L016527,decoy,development_train,-10.319,-9.673,-9.588,-10.271,-10.097,-9.438,-9.241,-9.235,-10.207,-9.36,-9.819,-9.694,-9.518
FA10_decoy_L022636,decoy,development_train,-10.539,-10.3,-10.937,-10.213,-10.36,-9.694,-10.719,-9.866,-10.558,-9.702,-9.57,-10.456,-10.317
FA10_decoy_L022637,decoy,development_train,-11.19,-10.31,-11.042,-10.961,-11.105,-10.783,-10.993,-10.313,-11.334,-11.018,-11.075,-10.772,-10.72
FA10_decoy_L022641,decoy,development_train,-10.548,-10.508,-10.016,-11.262,-10.874,-10.391,-10.866,-10.626,-10.859,-11.748,-10.471,-10.696,-10.278
FA10_decoy_L022642,decoy,development_train,-10.313,-10.207,-9.566,-9.852,-9.976,-10.063,-10.449,-9.694,-10.004,-9.92,-10.244,-10.205,-10.231
FA10_decoy_L023444,decoy,development_train,-9.254,-8.955,-9.651,-9.659,-10.226,-9.541,-9.983,-9.843,-10.216,-9.238,-9.811,-10.035,-9.093
FA10_decoy_L023445,decoy,development_train,-10.548,-9.766,-11.164,-9.566,-10.756,-10.72,-10.376,-9.549,-10.932,-10.097,-10.626,-9.682,-9.057
FA10_decoy_L023446,decoy,development_train,-10.501,-9.259,-11.563,-11.143,-11.122,-10.83,-10.919,-8.243,-10.959,-10.334,-11.027,-11.138,-9.34
FA10_decoy_L023447,decoy,development_train,-11.612,-10.952,-9.727,-11.663,-10.057,-10.146,-10.718,-9.727,-10.103,-10.464,-10.353,-11.467,-11.076
FA10_decoy_L023524,decoy,development_train,-10.9,-10.036,-11.058,-10.924,-10.969,-10.911,-10.659,-10.51,-11.362,-10.929,-10.588,-10.988,-10.51
FA10_decoy_L023525,decoy,development_train,-10.222,-9.632,-9.372,-10.277,-10.335,-10.101,-10.232,-9.25,-10.3,-10.231,-10.208,-10.224,-10.147
FA10_decoy_L023526,decoy,development_train,-10.715,-10.192,-9.842,-10.816,-10.857,-9.727,-10.217,-10.103,-10.625,-10.044,-9.683,-11.028,-10.083
FA10_decoy_L023527,decoy,development_train,-11.181,-11.171,-10.145,-11.252,-11.268,-10.063,-10.662,-10.224,-10.466,-10.744,-10.227,-11.101,-10.962
FA10_decoy_L023528,decoy,development_train,-10.708,-10.748,-10.35,-11.286,-11.456,-10.528,-11.098,-10.517,-11.413,-10.717,-10.597,-10.387,-10.953
FA10_decoy_L018520,decoy,development_train,-9.453,-8.884,-8.972,-9.461,-9.96,-8.937,-9.405,-8.53,-9.543,-9.58,-9.774,-9.725,-9.005
FA10_decoy_L001855,decoy,development_train,-9.052,-7.966,-8.229,-8.19,-8.683,-8.317,-9.231,-7.812,-8.446,-8.229,-8.067,-8.605,-8.461
FA10_decoy_L017802,decoy,development_train,-8.312,-8.288,-8.081,-8.477,-8.357,-7.718,-8.015,-8.258,-8.375,-8.136,-7.805,-8.456,-8.519
FA10_decoy_L017941,decoy,development_train,-8.933,-8.062,-8.064,-8.06,-8.053,-7.762,-8.489,-8.415,-8.262,-8.378,-7.915,-8.501,-8.35
FA10_decoy_L018473,decoy,development_train,-8.687,-8.541,-8.394,-8.721,-9.726,-8.43,-9.369,-8.395,-8.817,-8.162,-8.3,-8.817,-8.266
FA10_decoy_L020248,decoy,development_train,-7.892,-8.031,-7.855,-8.188,-8.066,-7.845,-7.969,-7.91,-8.917,-7.839,-7.701,-8.359,-7.927
FA10_decoy_L005435,decoy,development_train,-7.78,-7.479,-7.194,-8.345,-7.804,-6.812,-7.398,-8.014,-7.604,-7.863,-7.241,-8.32,-7.914
FA10_decoy_L005436,decoy,development_train,-7.858,-8.06,-7.603,-8.247,-7.621,-7.443,-7.813,-7.9,-7.862,-8.357,-7.618,-8.492,-8.136
FA10_decoy_L005144,decoy,development_train,-8.054,-7.957,-8.633,-8.867,-7.721,-8.297,-7.786,-7.553,-8.239,-8.328,-8.379,-8.555,-8.309
FA10_decoy_L015308,decoy,development_train,-9.924,-9.851,-9.535,-9.667,-10.548,-9.554,-10.044,-10.06,-10.268,-9.182,-9.914,-9.856,-9.837
FA10_decoy_L002464,decoy,development_train,-7.7,-7.429,-7.332,-7.223,-7.956,-7.248,-7.775,-7.184,-7.653,-6.837,-6.997,-7.726,-7.664
FA10_decoy_L020596,decoy,development_train,-9.757,-8.173,-9.121,-8.894,-9.448,-8.64,-9.513,-8.266,-9.35,-9.17,-9.392,-8.975,-8.617
FA10_decoy_L024069,decoy,development_train,-9.255,-8.479,-7.462,-8.783,-9.058,-7.425,-8.752,-7.094,-9.111,-8.089,-8.336,-8.763,-8.599
FA10_decoy_L013535,decoy,development_train,-8.211,-8.351,-8.362,-8.407,-8.714,-8.188,-8.376,-7.994,-8.542,-8.544,-8.238,-8.545,-8.57
FA10_decoy_L018663,decoy,development_train,-8.174,-7.713,-8.087,-7.792,-8.747,-8.067,-8.525,-8.118,-8.67,-8.039,-7.782,-8.142,-8.014
FA10_decoy_L004100,decoy,development_train,-7.202,-6.339,-6.649,-7.633,-7.125,-6.872,-7.275,-6.695,-6.825,-7.754,-7.361,-7.539,-6.562
FA10_decoy_L027574,decoy,development_train,-7.847,-7.195,-6.13,-7.597,-7.55,-6.709,-7.593,-6.55,-7.295,-7.498,-7.262,-7.376,-7.349
FA10_decoy_L027575,decoy,development_train,-8.075,-7.204,-6.329,-7.815,-7.776,-6.562,-7.821,-6.761,-6.885,-7.377,-7.501,-8.013,-7.298
FA10_decoy_L007466,decoy,development_train,-10.038,-10.321,-10.539,-10.181,-10.184,-10.584,-9.885,-9.673,-10.116,-10.18,-10.327,-10.108,-9.99
FA10_decoy_L013926,decoy,development_train,-9.954,-9.225,-10.055,-11.119,-10.231,-9.724,-10.746,-8.601,-9.691,-9.755,-9.584,-11.044,-10.299
FA10_decoy_L003309,decoy,development_train,-7.494,-8.672,-8.321,-9.458,-8.763,-8.27,-7.849,-8.743,-7.909,-7.667,-8.07,-8.626,-9.15
FA10_decoy_L003310,decoy,development_train,-9.634,-9.098,-8.182,-8.76,-8.207,-9.68,-8.02,-8.916,-8.229,-8.114,-7.202,-8.524,-8.931
FA10_decoy_L004033,decoy,development_train,-8.451,-9.054,-7.142,-8.721,-8.688,-7.578,-8.452,-8.887,-8.639,-8.756,-7.734,-8.324,-8.87
FA10_decoy_L004585,decoy,development_train,-8.977,-9.523,-8.627,-8.364,-8.278,-8.139,-7.874,-9.035,-9.188,-8.677,-8.211,-7.769,-8.726
FA10_decoy_L010534,decoy,development_train,-9.312,-9.436,-8.483,-8.983,-9.659,-7.798,-9.421,-9.574,-8.889,-9.568,-9.978,-9.591,-9.226
FA10_decoy_L021906,decoy,development_train,-9.728,-9.547,-8.522,-10.244,-8.516,-8.271,-8.487,-9.968,-8.684,-8.849,-9.738,-9.96,-10.301
FA10_decoy_L022792,decoy,development_train,-8.942,-8.834,-8.66,-8.955,-8.756,-8.546,-8.643,-9.439,-8.354,-9.01,-9.45,-9.135,-9.204
FA10_decoy_L022794,decoy,development_train,-8.619,-10.104,-8.147,-8.611,-8.001,-7.58,-8.816,-8.584,-9.182,-8.023,-7.796,-8.845,-9.808
FA10_decoy_L022795,decoy,development_train,-9.447,-9.524,-8.362,-8.97,-8.26,-7.385,-7.875,-8.726,-8.72,-7.948,-7.016,-9.535,-9.086
FA10_decoy_L023039,decoy,development_train,-9.988,-8.635,-8.486,-8.009,-8.903,-8.49,-8.199,-8.648,-9.185,-8.647,-8.786,-9.772,-8.701
FA10_decoy_L023220,decoy,development_train,-8.914,-10.437,-8.463,-8.771,-9.829,-8.968,-9.108,-9.905,-8.702,-9.301,-9.891,-9.396,-10.255
FA10_decoy_L025515,decoy,development_train,-8.954,-9.027,-8.566,-8.629,-8.749,-7.613,-7.885,-9.238,-8.669,-8.248,-7.56,-8.113,-8.706
FA10_decoy_L025609,decoy,development_train,-8.608,-8.457,-8.758,-8.885,-7.96,-9.117,-8.036,-8.607,-8.249,-8.519,-9.084,-9.002,-9.539
FA10_decoy_L025610,decoy,development_train,-8.872,-8.841,-8.473,-8.429,-8.67,-7.942,-8.888,-8.568,-8.818,-8.582,-9.727,-8.368,-9.152
FA10_decoy_L021036,decoy,development_train,-8.912,-7.181,-8.575,-8.315,-8.804,-8.881,-8.495,-7.401,-9.266,-9.092,-8.533,-8.335,-8.669
FA10_decoy_L005746,decoy,development_train,-7.547,-7.286,-7.231,-7.402,-7.002,-7.056,-7.035,-7.626,-6.728,-7.092,-7.127,-7.663,-7.133
FA10_decoy_L014332,decoy,development_train,-10.206,-8.752,-9.918,-9.932,-10.177,-9.978,-9.838,-8.334,-10.518,-9.385,-10.26,-9.622,-9.322
FA10_decoy_L019167,decoy,development_train,-7.72,-7.737,-7.998,-8.104,-7.827,-8.083,-7.352,-8.15,-8.257,-7.832,-8.012,-7.586,-7.439
FA10_decoy_L021057,decoy,development_train,-8.439,-7.895,-9.029,-8.956,-8.994,-8.112,-9.441,-8.133,-8.755,-8.55,-8.37,-8.974,-8.844
FA10_decoy_L009534,decoy,development_train,-8.855,-8.148,-9.363,-8.675,-8.176,-9.191,-8.2,-7.902,-8.238,-8.806,-9.397,-8.18,-7.858
FA10_decoy_L018365,decoy,development_train,-7.79,-7.797,-7.537,-7.895,-8.015,-7.336,-8.029,-7.765,-7.892,-7.811,-7.433,-8.009,-8.146
FA10_decoy_L004568,decoy,development_train,-10.032,-9.007,-8.693,-8.754,-9.257,-8.574,-8.932,-9.029,-9.431,-9.641,-8.415,-9.325,-8.989
FA10_decoy_L007480,decoy,development_train,-9.939,-9.564,-9.336,-9.639,-10.246,-8.836,-9.776,-9.562,-10.425,-9.783,-9.036,-9.292,-10.02
FA10_decoy_L007481,decoy,development_train,-10.229,-9.874,-10.55,-10.085,-10.48,-10.054,-9.914,-8.819,-10.242,-10.262,-10.169,-10.636,-9.945
FA10_decoy_L008638,decoy,development_train,-9.114,-8.839,-9.144,-8.95,-8.836,-9.125,-8.762,-8.65,-9.394,-8.956,-9.041,-8.966,-8.448
FA10_decoy_L008703,decoy,development_train,-8.695,-9.327,-8.822,-9.256,-9.07,-8.665,-8.378,-8.277,-8.772,-8.305,-8.192,-9.443,-9.41
FA10_decoy_L015910,decoy,development_train,-8.983,-8.254,-8.101,-8.275,-8.628,-7.996,-8.475,-9.259,-8.781,-8.421,-8.576,-8.434,-8.413
FA10_decoy_L018704,decoy,development_train,-8.552,-8.435,-8.656,-8.556,-8.736,-8.954,-8.695,-8.429,-9.25,-8.546,-8.527,-8.841,-8.636
FA10_decoy_L023328,decoy,development_train,-10.062,-9.6,-9.739,-9.863,-10.92,-9.687,-9.941,-9.251,-10.162,-9.912,-9.662,-10.165,-9.678
FA10_decoy_L024015,decoy,development_train,-8.672,-9.364,-8.634,-8.899,-8.724,-8.792,-8.661,-8.801,-8.982,-8.37,-8.967,-9.125,-8.774
FA10_decoy_L025896,decoy,development_train,-8.971,-8.345,-8.455,-8.987,-9.048,-8.831,-8.693,-9.236,-9.067,-8.707,-8.929,-8.962,-8.555
FA10_decoy_L024895,decoy,development_train,-10.83,-8.727,-10.609,-10.469,-10.647,-10.371,-10.417,-9.354,-10.794,-9.938,-10.387,-10.528,-8.574
FA10_decoy_L024896,decoy,development_train,-10.141,-9.656,-10.509,-9.848,-10.91,-10.356,-10.835,-10.158,-10.44,-9.961,-10.482,-10.412,-8.682
FA10_decoy_L019297,decoy,development_train,-9.557,-8.57,-9.895,-10.151,-10.103,-9.414,-9.853,-9.216,-9.413,-9.667,-9.833,-10.381,-8.877
FA10_decoy_L000072,decoy,development_train,-8.477,-9.355,-7.797,-8.448,-9.084,-8.147,-8.008,-8.983,-7.989,-8.356,-7.963,-8.965,-9.266
FA10_decoy_L001259,decoy,development_train,-8.489,-9.162,-7.704,-8.362,-9.052,-7.844,-8.332,-8.366,-8.511,-8.143,-8.105,-9.105,-9.262
FA10_decoy_L001344,decoy,development_train,-8.567,-8.888,-7.949,-8.147,-8.026,-8.132,-8.248,-8.072,-7.925,-8.327,-8.267,-8.256,-8.944
FA10_decoy_L004093,decoy,development_train,-8.387,-9.124,-7.789,-8.615,-8.49,-7.739,-8.142,-8.52,-8.254,-7.999,-7.779,-8.468,-8.712
FA10_decoy_L009830,decoy,development_train,-8.691,-8.5,-7.764,-8.815,-8.189,-7.841,-8.506,-8.001,-8.189,-8.059,-8.288,-8.304,-9.056
FA10_decoy_L010145,decoy,development_train,-7.954,-7.669,-7.85,-7.98,-7.452,-7.059,-7.923,-7.299,-7.754,-7.589,-8.163,-7.749,-7.912
FA10_decoy_L010146,decoy,development_train,-7.708,-8.907,-7.811,-8.474,-7.708,-7.955,-8.162,-7.456,-7.761,-7.825,-7.566,-8.526,-8.748
FA10_decoy_L013656,decoy,development_train,-9.496,-9.835,-9.055,-9.259,-9.164,-8.905,-8.621,-9.956,-9.003,-8.929,-8.936,-9.374,-9.745
FA10_decoy_L013657,decoy,development_train,-6.824,-7.654,-6.596,-7.581,-7.76,-7.889,-7.567,-7.186,-6.989,-7.702,-7.113,-8.2,-7.629
FA10_decoy_L016410,decoy,development_train,-8.565,-9.77,-7.793,-8.805,-8.866,-7.693,-8.708,-9.05,-8.144,-8.459,-7.941,-8.562,-9.357
FA10_decoy_L017184,decoy,development_train,-8.918,-9.269,-7.537,-8.895,-8.122,-8.356,-9.369,-8.759,-8.584,-8.648,-8.336,-9.016,-9.358
FA10_decoy_L019803,decoy,development_train,-7.82,-7.89,-6.715,-7.903,-7.99,-6.563,-7.607,-6.911,-7.583,-7.625,-7.065,-7.412,-6.713
FA10_decoy_L023468,decoy,development_train,-8.771,-9.07,-7.456,-7.947,-7.85,-8.424,-8.825,-8.985,-7.729,-8.457,-8.19,-8.289,-9.158
FA10_decoy_L027757,decoy,development_train,-8.018,-7.376,-6.828,-8.13,-7.889,-7.383,-7.942,-8.182,-7.668,-8.162,-8.084,-8.977,-8.272
FA10_decoy_L027806,decoy,development_train,-9.208,-9.421,-7.666,-8.925,-8.333,-8.086,-9.522,-8.459,-8.586,-8.455,-8.36,-8.703,-9.659
FA10_decoy_L027807,decoy,development_train,-9.097,-7.397,-7.369,-8.371,-8.12,-7.638,-8.173,-7.856,-8.765,-8.194,-7.788,-8.733,-7.747
FA10_decoy_L027808,decoy,development_train,-9.763,-9.706,-7.746,-9.369,-9.263,-8.202,-9.285,-8.485,-8.436,-8.166,-8.27,-9.617,-9.588
FA10_decoy_L027809,decoy,development_train,-8.308,-7.502,-8.179,-8.582,-8.32,-7.459,-7.75,-8.353,-8.204,-7.834,-7.716,-8.62,-7.951
FA10_decoy_L012377,decoy,development_train,-8.853,-7.293,-8.37,-8.573,-8.99,-8.1,-8.813,-9.351,-8.81,-8.587,-8.158,-8.626,-7.692
FA10_decoy_L000861,decoy,development_train,-8.355,-8.831,-7.956,-8.679,-8.539,-7.798,-8.309,-8.849,-8.494,-7.846,-7.998,-8.534,-9.015
FA10_decoy_L022949,decoy,development_train,-9.985,-8.902,-9.364,-9.299,-10.012,-9.138,-9.622,-9.695,-10.269,-9.593,-9.218,-9.978,-9.347
FA10_decoy_L026474,decoy,development_train,-10.994,-10.297,-10.149,-11.086,-10.479,-10.08,-10.761,-10.64,-10.73,-10.092,-9.835,-10.849,-10.508
FA10_decoy_L008514,decoy,development_train,-10.372,-9.361,-9.639,-10.67,-10.174,-9.865,-9.732,-9.566,-10.582,-10.072,-10.079,-10.292,-9.615
FA10_decoy_L008515,decoy,development_train,-9.738,-9.357,-9.86,-9.808,-9.741,-9.907,-9.039,-9.749,-10.039,-9.685,-9.623,-9.696,-9.434
FA10_decoy_L018310,decoy,development_train,-10.306,-9.206,-10.108,-10.434,-10.11,-9.187,-10.35,-9.178,-10.022,-10.229,-9.48,-10.408,-9.168
FA10_decoy_L008503,decoy,development_train,-9.717,-7.802,-8.545,-9.944,-9.838,-8.298,-9.153,-7.49,-9.813,-9.257,-8.515,-10.015,-8.034
FA10_decoy_L008508,decoy,development_train,-7.967,-8.296,-7.774,-8.768,-7.644,-8.459,-8.288,-7.094,-7.843,-8.496,-8.489,-8.208,-8.101
FA10_decoy_L014140,decoy,development_train,-10.163,-9.907,-9.432,-9.629,-10.531,-9.186,-9.593,-9.569,-10.013,-9.327,-9.395,-9.724,-9.967
FA10_decoy_L007872,decoy,development_train,-8.555,-7.91,-8.351,-8.159,-8.701,-8.402,-8.631,-8.658,-7.662,-8.518,-8.574,-8.262,-8.352
FA10_decoy_L009544,decoy,development_train,-9.393,-9.406,-9.471,-9.809,-9.795,-9.472,-9.173,-9.381,-9.395,-9.635,-9.266,-9.356,-9.607
FA10_decoy_L000105,decoy,development_train,-7.425,-6.959,-7.332,-7.03,-7.365,-7.267,-7.441,-6.962,-7.057,-6.874,-7.095,-7.298,-6.862
FA10_decoy_L000106,decoy,development_train,-7.581,-6.83,-7.121,-6.981,-7.001,-6.854,-7.462,-7.041,-7.376,-6.861,-7.072,-7.115,-7.072
FA10_decoy_L000121,decoy,development_train,-7.498,-6.717,-6.779,-7.161,-7.145,-6.727,-7.001,-6.653,-7.036,-6.691,-6.917,-7.258,-6.804
FA10_decoy_L000136,decoy,development_train,-6.915,-6.453,-6.484,-6.115,-6.638,-6.206,-6.424,-6.277,-6.458,-6.119,-6.75,-6.788,-6.555
FA10_decoy_L026691,decoy,development_train,-10.069,-8.367,-10.413,-9.191,-9.135,-11.018,-9.816,-8.97,-9.112,-9.789,-10.013,-9.6,-9.422
FA10_decoy_L025146,decoy,development_train,-8.035,-7.804,-8.614,-8.516,-7.858,-8.253,-8.059,-7.873,-8.527,-8.032,-8.321,-8.552,-7.975
FA10_decoy_L015372,decoy,development_train,-8.992,-8.139,-8.901,-8.965,-8.654,-8.483,-9.045,-8.189,-8.575,-8.295,-8.638,-9.208,-8.89
FA10_decoy_L017141,decoy,development_train,-10.848,-9.737,-9.919,-10.938,-10.803,-10.326,-9.663,-9.246,-10.528,-10.102,-10.496,-10.878,-8.253
FA10_decoy_L007375,decoy,development_train,-8.711,-8.18,-8.444,-8.143,-8.798,-8.804,-8.437,-8.226,-8.09,-7.806,-8.313,-8.349,-8.327
FA10_decoy_L022368,decoy,development_train,-8.554,-8.56,-8.927,-8.747,-8.684,-8.537,-8.882,-8.741,-8.633,-8.886,-8.595,-8.603,-8.41
FA10_decoy_L018559,decoy,development_train,-8.344,-7.717,-8.288,-8.546,-8.563,-8.425,-8.711,-8.397,-8.299,-8.404,-7.98,-8.826,-7.654
FA10_decoy_L024897,decoy,development_train,-8.618,-8.867,-8.509,-8.466,-8.576,-8.25,-8.828,-9.036,-8.869,-8.391,-8.292,-8.359,-7.335
FA10_decoy_L024944,decoy,development_train,-8.416,-8.472,-8.115,-9.092,-8.447,-7.739,-8.743,-9.137,-8.24,-9.065,-7.611,-8.968,-7.398
FA10_decoy_L024947,decoy,development_train,-9.375,-9.274,-8.662,-8.997,-9.644,-8.627,-9.265,-9.489,-9.312,-8.95,-8.414,-8.902,-9.665
FA10_decoy_L025143,decoy,development_train,-8.919,-6.708,-8.448,-8.494,-8.73,-8.502,-8.288,-7.918,-8.961,-8.648,-7.999,-7.798,-7.716
FA10_decoy_L025144,decoy,development_train,-8.721,-6.972,-8.245,-8.839,-8.723,-8.398,-8.402,-6.787,-8.416,-9.126,-8.301,-8.812,-9.061
FA10_decoy_L019657,decoy,development_train,-8.524,-8.508,-8.212,-8.5,-8.573,-8.02,-8.263,-8.204,-8.141,-6.888,-8.234,-6.941,-7.34
FA10_decoy_L028187,decoy,development_train,-8.097,-7.366,-8.181,-8.419,-8.204,-7.904,-8.083,-7.187,-8.064,-7.781,-8.246,-8.15,-7.41
FA10_decoy_L008470,decoy,development_train,-7.798,-7.231,-7.313,-7.659,-7.902,-7.69,-7.334,-7.747,-7.202,-7.934,-7.261,-8.029,-7.614
FA10_decoy_L008471,decoy,development_train,-7.46,-7.282,-7.483,-7.005,-7.546,-7.413,-7.223,-7.616,-7.906,-7.371,-7.145,-7.171,-7.006
FA10_decoy_L008472,decoy,development_train,-7.632,-7.398,-7.757,-7.679,-7.189,-7.613,-7.682,-6.958,-7.155,-7.588,-7.689,-7.496,-7.185
FA10_decoy_L008473,decoy,development_train,-6.947,-7.274,-7.368,-7.869,-7.3,-6.994,-7.028,-6.466,-7.093,-6.977,-7.152,-7.298,-6.966
FA10_decoy_L008483,decoy,development_train,-7.46,-7.316,-7.483,-7.665,-7.68,-7.765,-7.363,-7.038,-7.442,-7.384,-7.366,-7.712,-7.501
FA10_decoy_L012889,decoy,development_train,-7.112,-7.184,-7.264,-7.924,-7.749,-6.459,-7.378,-7.371,-7.814,-7.552,-7.489,-7.139,-7.47
FA10_decoy_L012892,decoy,development_train,-6.94,-7.627,-7.353,-7.281,-7.189,-7.178,-7.396,-7.325,-7.7,-7.436,-7.356,-7.123,-7.547
FA10_decoy_L004167,decoy,development_train,-10.558,-10.044,-10.443,-10.232,-10.671,-10.524,-10.509,-9.65,-10.963,-10.254,-10.553,-10.212,-9.91
FA10_decoy_L016728,decoy,development_train,-8.945,-8.759,-9.125,-9.685,-8.9,-8.683,-9.564,-8.706,-8.928,-9.141,-8.778,-9.601,-9.364
FA10_decoy_L021368,decoy,development_train,-9.698,-9.331,-9.29,-9.647,-9.439,-9.111,-9.977,-8.151,-9.496,-9.428,-8.968,-9.304,-9.342
FA10_decoy_L005145,decoy,development_train,-9.327,-9.235,-8.436,-9.652,-8.788,-8.607,-9.244,-9.802,-9.735,-9.314,-8.999,-9.396,-9.384
FA10_decoy_L012175,decoy,development_train,-8.953,-8.305,-9.37,-8.513,-8.993,-9.514,-8.8,-8.639,-9.06,-9.036,-9.602,-8.954,-8.342
FA10_decoy_L012076,decoy,development_train,-7.742,-6.894,-7.741,-7.509,-7.903,-7.202,-7.45,-7.809,-7.708,-7.142,-7.127,-7.198,-7.376
FA10_decoy_L021519,decoy,development_train,-9.23,-9.557,-9.728,-9.418,-9.931,-9.381,-9.638,-8.958,-9.548,-9.792,-9.809,-9.445,-9.818
FA10_decoy_L000753,decoy,development_train,-9.605,-8.781,-9.224,-8.904,-9.734,-9.196,-9.583,-8.515,-10.153,-9.641,-9.652,-9.0,-9.011
FA10_decoy_L000754,decoy,development_train,-9.855,-8.962,-9.671,-9.262,-10.147,-9.394,-9.444,-8.576,-9.618,-9.439,-9.376,-9.674,-9.266
FA10_decoy_L000755,decoy,development_train,-9.098,-8.751,-9.342,-9.709,-9.712,-9.159,-9.394,-9.301,-9.583,-8.91,-9.476,-9.155,-8.766
FA10_decoy_L004292,decoy,development_train,-10.312,-9.07,-10.201,-9.528,-10.82,-9.576,-10.217,-8.438,-10.929,-10.282,-9.633,-9.857,-9.681
FA10_decoy_L004295,decoy,development_train,-10.03,-8.155,-9.874,-9.661,-9.935,-9.756,-10.076,-8.752,-9.948,-9.79,-9.662,-9.925,-9.051
FA10_decoy_L004296,decoy,development_train,-8.874,-8.855,-10.315,-9.935,-9.713,-10.139,-9.752,-8.666,-9.921,-9.897,-9.736,-9.732,-8.921
FA10_decoy_L004297,decoy,development_train,-10.404,-9.951,-9.701,-9.848,-10.451,-10.019,-10.066,-9.169,-10.588,-9.963,-10.281,-10.465,-9.165
FA10_decoy_L004298,decoy,development_train,-9.507,-8.987,-9.728,-9.941,-9.939,-9.401,-9.657,-9.097,-10.24,-9.641,-9.618,-10.048,-8.8
FA10_decoy_L004395,decoy,development_train,-9.632,-8.913,-9.651,-9.386,-9.903,-9.606,-9.497,-8.577,-9.625,-9.431,-9.714,-10.058,-9.482
FA10_decoy_L004396,decoy,development_train,-9.971,-8.906,-9.312,-9.53,-10.362,-9.454,-9.801,-8.2,-10.614,-9.311,-10.013,-9.956,-9.183
FA10_decoy_L004397,decoy,development_train,-10.308,-8.8,-9.425,-9.595,-9.987,-9.304,-9.809,-8.978,-10.332,-9.987,-9.595,-9.649,-8.491
FA10_decoy_L004400,decoy,development_train,-9.849,-8.578,-9.078,-9.131,-9.563,-9.629,-9.301,-8.666,-9.008,-8.972,-9.152,-10.045,-9.215
FA10_decoy_L004401,decoy,development_train,-8.99,-8.617,-9.816,-9.768,-9.95,-9.649,-10.612,-8.58,-9.859,-10.073,-9.924,-10.18,-8.917
FA10_decoy_L004402,decoy,development_train,-9.767,-8.927,-10.673,-10.368,-10.185,-9.291,-9.639,-8.646,-9.165,-10.127,-10.104,-9.926,-8.878
FA10_decoy_L023952,decoy,development_train,-9.869,-9.13,-9.639,-9.238,-10.164,-9.952,-9.64,-8.777,-9.924,-9.785,-10.105,-9.471,-9.366
FA10_decoy_L023953,decoy,development_train,-9.886,-8.997,-10.27,-10.286,-10.378,-10.205,-10.046,-8.561,-10.174,-10.198,-9.459,-10.203,-8.99
FA10_decoy_L023954,decoy,development_train,-9.68,-9.229,-10.088,-9.808,-9.624,-10.091,-9.504,-8.117,-9.464,-9.611,-9.477,-9.148,-8.85
FA10_decoy_L023955,decoy,development_train,-10.066,-8.641,-10.087,-10.408,-10.389,-9.904,-10.057,-8.622,-9.701,-9.896,-9.829,-10.054,-9.426
FA10_decoy_L026022,decoy,development_train,-9.333,-9.246,-9.129,-9.361,-10.461,-9.089,-9.603,-8.185,-9.758,-9.234,-9.502,-9.922,-9.339
FA10_decoy_L026023,decoy,development_train,-8.883,-8.046,-10.018,-9.351,-9.62,-9.826,-9.863,-8.129,-8.647,-9.739,-9.341,-9.337,-8.142
FA10_decoy_L026024,decoy,development_train,-9.631,-8.599,-8.984,-9.24,-9.597,-9.33,-9.269,-8.037,-9.196,-9.674,-9.084,-9.272,-9.425
FA10_decoy_L020614,decoy,development_train,-8.515,-7.756,-8.063,-8.032,-8.435,-8.738,-8.533,-7.857,-8.065,-8.457,-8.448,-7.903,-8.511
FA10_decoy_L019281,decoy,development_train,-8.121,-7.085,-9.63,-8.503,-8.84,-9.051,-8.795,-6.947,-7.993,-8.497,-9.153,-8.659,-8.181
FA10_decoy_L001413,decoy,development_train,-8.617,-8.101,-8.276,-9.193,-8.568,-8.192,-8.63,-8.113,-8.709,-9.563,-8.112,-9.253,-8.132
FA10_decoy_L006171,decoy,development_train,-10.022,-10.169,-9.706,-10.365,-9.991,-9.824,-9.878,-9.403,-10.083,-9.989,-10.021,-9.919,-10.408
FA10_decoy_L006721,decoy,development_train,-10.008,-8.523,-8.811,-8.806,-10.115,-8.666,-9.468,-9.637,-8.764,-8.663,-8.44,-8.722,-8.633
FA10_decoy_L017135,decoy,development_train,-8.462,-8.863,-7.808,-8.265,-8.69,-7.845,-8.407,-8.72,-8.788,-8.727,-7.717,-7.916,-8.466
FA10_decoy_L006520,decoy,development_train,-9.924,-9.023,-9.5,-10.034,-10.092,-9.519,-9.418,-8.339,-9.788,-10.704,-9.868,-10.701,-9.596
FA10_decoy_L019967,decoy,development_train,-8.008,-8.108,-8.047,-8.143,-7.888,-7.984,-8.044,-7.866,-8.202,-7.895,-7.937,-7.833,-8.066
FA10_decoy_L004704,decoy,development_train,-9.294,-9.589,-8.878,-9.846,-9.477,-8.969,-9.57,-8.858,-9.34,-8.776,-8.891,-9.934,-9.702
FA10_decoy_L002959,decoy,development_train,-9.318,-8.128,-9.549,-9.406,-9.828,-8.98,-9.754,-11.015,-9.337,-9.897,-9.019,-9.192,-8.307
FA10_decoy_L000764,decoy,development_train,-9.583,-7.505,-9.867,-7.908,-10.29,-9.822,-10.057,-7.335,-10.147,-9.601,-9.593,-9.106,-8.109
FA10_decoy_L001949,decoy,development_train,-10.375,-9.427,-10.259,-9.775,-10.143,-9.395,-9.694,-9.481,-10.445,-9.576,-9.712,-10.186,-9.337
FA10_decoy_L001952,decoy,development_train,-8.443,-7.229,-9.259,-8.969,-9.655,-9.833,-9.156,-6.972,-9.363,-9.076,-9.283,-9.588,-7.771
FA10_decoy_L003078,decoy,development_train,-10.415,-7.726,-10.039,-9.958,-9.582,-9.479,-9.285,-9.57,-10.664,-10.543,-9.796,-9.465,-8.215
FA10_decoy_L004283,decoy,development_train,-10.342,-9.481,-9.563,-9.81,-10.163,-9.56,-9.69,-9.903,-10.355,-10.429,-9.991,-9.5,-8.392
FA10_decoy_L004312,decoy,development_train,-9.442,-9.764,-9.745,-8.94,-9.553,-9.267,-9.937,-8.779,-9.742,-9.643,-9.263,-9.397,-8.564
FA10_decoy_L015405,decoy,development_train,-10.409,-8.946,-9.757,-8.338,-10.503,-9.723,-9.591,-7.949,-8.836,-10.738,-9.024,-8.021,-8.263
FA10_decoy_L023791,decoy,development_train,-9.742,-8.502,-9.483,-9.247,-8.97,-10.451,-9.189,-9.154,-10.002,-9.706,-9.601,-9.715,-8.671
FA10_decoy_L023808,decoy,development_train,-9.571,-7.66,-9.899,-7.639,-10.066,-10.586,-9.784,-7.371,-10.809,-9.836,-10.268,-8.883,-8.489
FA10_decoy_L024140,decoy,development_train,-9.859,-9.173,-9.67,-9.032,-9.491,-9.114,-9.479,-9.666,-10.04,-9.937,-9.299,-9.364,-7.877
FA10_decoy_L026127,decoy,development_train,-10.321,-8.698,-9.833,-9.893,-10.128,-9.251,-9.681,-9.573,-9.952,-10.352,-9.776,-9.978,-8.905
FA10_decoy_L026129,decoy,development_train,-10.172,-7.972,-9.478,-8.923,-9.629,-9.616,-9.483,-9.526,-9.511,-10.094,-9.727,-10.467,-8.155
FA10_decoy_L009611,decoy,development_train,-10.455,-8.889,-8.559,-10.704,-10.395,-9.018,-10.035,-9.362,-10.707,-10.102,-9.205,-10.457,-9.107
FA10_decoy_L018569,decoy,development_train,-10.19,-8.984,-9.623,-9.372,-9.98,-9.546,-9.948,-8.728,-9.841,-9.101,-9.214,-10.188,-9.935
FA10_decoy_L027477,decoy,development_train,-8.138,-8.642,-7.867,-8.263,-7.424,-7.591,-7.798,-7.758,-7.851,-7.931,-7.525,-7.635,-8.38
FA10_decoy_L020174,decoy,development_train,-9.183,-8.85,-8.797,-8.963,-9.49,-8.016,-9.36,-8.817,-9.116,-8.356,-9.08,-9.178,-9.375
FA10_decoy_L021154,decoy,development_train,-8.379,-8.939,-7.761,-9.566,-8.042,-7.186,-6.894,-8.722,-7.603,-7.252,-8.351,-8.959,-8.931
FA10_decoy_L021155,decoy,development_train,-8.296,-9.433,-8.234,-9.757,-8.363,-8.435,-9.297,-9.374,-8.677,-8.606,-8.759,-9.651,-9.244
FA10_decoy_L021043,decoy,development_train,-9.236,-9.577,-8.982,-9.56,-9.085,-8.971,-9.209,-9.084,-8.905,-9.649,-9.136,-10.19,-9.701
FA10_decoy_L018676,decoy,development_train,-8.591,-8.142,-8.456,-8.501,-8.302,-8.106,-8.082,-7.758,-7.978,-8.103,-8.198,-8.13,-8.33
FA10_decoy_L027407,decoy,development_train,-7.246,-6.642,-7.159,-7.419,-7.44,-7.02,-6.541,-7.525,-7.18,-7.146,-6.643,-7.426,-7.045
FA10_decoy_L027499,decoy,development_train,-9.394,-8.312,-9.29,-9.321,-9.567,-9.31,-9.272,-8.745,-9.35,-9.456,-9.405,-9.379,-8.038
FA10_decoy_L013808,decoy,development_train,-9.661,-9.585,-9.405,-9.507,-9.937,-9.271,-9.73,-9.631,-9.377,-8.642,-9.341,-9.533,-9.326
FA10_decoy_L001895,decoy,development_train,-9.253,-8.882,-8.451,-8.309,-9.784,-8.445,-8.832,-8.711,-8.207,-8.695,-8.471,-8.539,-8.756
FA10_decoy_L001896,decoy,development_train,-8.431,-8.422,-8.784,-8.831,-8.777,-8.351,-8.965,-7.911,-9.024,-8.607,-9.43,-8.262,-8.308
FA10_decoy_L021665,decoy,development_train,-8.443,-8.338,-7.279,-9.462,-8.698,-8.197,-8.296,-8.292,-8.255,-8.538,-9.251,-8.742,-8.323
FA10_decoy_L004136,decoy,development_train,-10.177,-8.944,-11.855,-10.376,-10.729,-11.521,-10.665,-9.187,-9.579,-11.004,-11.421,-10.62,-9.045
FA10_decoy_L028211,decoy,development_train,-9.124,-8.575,-9.117,-9.109,-9.406,-8.973,-8.707,-8.741,-9.688,-8.91,-8.757,-9.154,-8.574
FA10_decoy_L027918,decoy,development_train,-9.071,-8.367,-8.576,-9.489,-9.249,-8.492,-9.013,-9.327,-8.91,-8.673,-8.509,-9.248,-8.743
FA10_decoy_L027919,decoy,development_train,-9.809,-8.697,-9.594,-10.046,-10.254,-9.752,-8.847,-8.958,-8.656,-8.764,-9.481,-9.405,-8.927
FA10_decoy_L025342,decoy,development_train,-8.758,-8.869,-8.975,-9.639,-8.444,-8.333,-8.194,-8.101,-8.639,-8.767,-8.783,-9.319,-9.202
FA10_decoy_L016849,decoy,development_train,-9.393,-8.471,-8.382,-9.231,-9.596,-8.228,-8.945,-9.568,-9.343,-8.684,-8.295,-9.173,-8.493
FA10_decoy_L003405,decoy,development_train,-8.944,-9.099,-9.194,-9.392,-8.893,-8.735,-8.47,-9.036,-9.135,-9.097,-8.859,-8.651,-8.978
FA10_decoy_L025928,decoy,development_train,-8.544,-7.581,-8.594,-8.493,-9.368,-8.604,-8.986,-8.15,-8.502,-8.225,-8.303,-8.798,-7.275
FA10_decoy_L007269,decoy,development_train,-8.923,-9.056,-7.746,-7.986,-8.385,-7.648,-8.711,-9.364,-8.691,-8.342,-8.281,-8.457,-8.761
FA10_decoy_L007282,decoy,development_train,-8.626,-7.401,-8.011,-8.732,-8.11,-7.816,-9.377,-7.51,-8.039,-7.66,-7.918,-9.017,-7.322
FA10_decoy_L022754,decoy,development_train,-7.067,-7.175,-7.753,-7.139,-6.977,-7.815,-6.955,-7.325,-6.958,-7.152,-7.043,-7.408,-7.109
FA10_decoy_L027391,decoy,development_train,-6.911,-6.878,-7.632,-7.314,-7.546,-7.467,-7.158,-7.062,-7.452,-7.201,-7.366,-7.4,-6.858
