target_id,role,phi,k,n_folds,h_nested,h_lower95,noise_floor,ratio,h_raw,h_perm,go_folds,verdict
BACE1,primary,gmean,1,5,-0.09692237726156361,-0.20844815930077454,0.0,nan,0.020708736608182544,,0,NO-GO
BACE1,primary,gmean,2,5,-0.05983614123116234,-0.18440778305599587,0.03656437165534791,-1.636460262333284,0.05494922722382728,-0.3288714091223913,0,NO-GO
BACE1,primary,gmean,3,5,-0.03754939463090444,-0.1450103843967125,0.039843863409647004,-0.942413496523858,0.051502627613374284,-0.3299573336908671,0,NO-GO
BACE1,primary,gmean,4,5,-0.045106744759492216,-0.16149078046534845,0.037414900141264404,-1.2055823906835603,0.05699571022845932,,0,NO-GO
BACE1,primary,gmean,5,5,-0.048246759422050506,-0.16772654004776105,0.042164177079187515,-1.1442594819635503,0.04837396203477249,,0,NO-GO
BACE1,primary,gmean,6,5,-0.037521405727904036,-0.15474647842457637,0.04148799885349908,-0.9043917943692166,0.04715061715511296,,0,NO-GO
BACE1,primary,hmean,1,5,-0.09692237726156361,-0.20844815930077454,0.0,nan,0.020708736608182544,,0,NO-GO
BACE1,primary,hmean,2,5,-0.07387995537605554,-0.20094472824684578,0.03727205549336321,-1.9821808697728212,0.05392478104000582,-0.3281324446543101,0,NO-GO
BACE1,primary,hmean,3,5,-0.03165447793444525,-0.15688756486955155,0.040242703955993366,-0.7865892403517516,0.06785356775266668,-0.310163445333507,0,NO-GO
BACE1,primary,hmean,4,5,-0.03227289874325522,-0.15118398073901856,0.03816633995113762,-0.8455853714181799,0.06603596523109304,,0,NO-GO
BACE1,primary,hmean,5,5,-0.0336667942528794,-0.1576228454804424,0.040927839256431744,-0.8225890949664223,0.05197132188633442,,0,NO-GO
BACE1,primary,hmean,6,5,-0.03878747479715819,-0.14399980788382485,0.04070962395023857,-0.9527839128302948,0.04762887490793949,,0,NO-GO
BACE1,primary,max,1,5,-0.09692237726156361,-0.20844815930077454,0.0,nan,0.020708736608182544,,0,NO-GO
BACE1,primary,max,2,5,-0.055634374793478505,-0.14771459800422487,0.033381547873293366,-1.6666205834627679,0.0409053704204949,-0.352577363019257,0,NO-GO
BACE1,primary,max,3,5,-0.020286961502878932,-0.15445659178316667,0.04109269166634816,-0.49368782331414995,0.062332724090847,-0.3413697652322494,0,NO-GO
BACE1,primary,max,4,5,0.004896039663033341,-0.1326552047740442,0.044768352172584895,0.1093638569532064,0.07363387203789376,,0,NO-GO
BACE1,primary,max,5,5,-0.015594888798191469,-0.1637805997217398,0.04912688870076131,-0.3174410024860744,0.06670325753031177,,0,NO-GO
BACE1,primary,max,6,5,-0.027606199415248056,-0.17430619536941044,0.06020424102097723,-0.4585424373281129,0.04841991725845585,,0,NO-GO
BACE1,primary,mean,1,5,-0.09692237726156361,-0.20844815930077454,0.0,nan,0.020708736608182544,,0,NO-GO
BACE1,primary,mean,2,5,-0.0665639724480376,-0.17722811657966836,0.03796572317716018,-1.753264968440845,0.06328973842111935,-0.3177377007120993,0,NO-GO
BACE1,primary,mean,3,5,-0.0627702744742017,-0.18455929804428975,0.040726373940783475,-1.5412684312497418,0.052251865238132064,-0.32979062470978965,0,NO-GO
BACE1,primary,mean,4,5,-0.05162102051915749,-0.1738939243085044,0.039403750846109815,-1.310053469801945,0.05757112754918755,,0,NO-GO
BACE1,primary,mean,5,5,-0.025500512439930963,-0.13646888618410938,0.03722606513674291,-0.6850176709856294,0.05077736638253337,,0,NO-GO
BACE1,primary,mean,6,5,-0.03436062569546257,-0.14136777690902752,0.042957562802929915,-0.7998737231228352,0.04516386796159146,,0,NO-GO
BACE1,primary,min,1,5,-0.09692237726156361,-0.20844815930077454,0.0,nan,0.020708736608182544,,0,NO-GO
BACE1,primary,min,2,5,-0.07151808580584743,-0.18627082419957447,0.02608698575823688,-2.741523550043179,0.028247029790579293,-0.3513462343385684,0,NO-GO
BACE1,primary,min,3,5,-0.018403196241464033,-0.11686974998685484,0.0480403303181392,-0.383078053785057,0.08484145094414514,-0.2987687144515007,0,NO-GO
BACE1,primary,min,4,5,0.010646297101610927,-0.09873847183600229,0.0578435966159358,0.1840531662009048,0.1131478643216179,,0,NO-GO
BACE1,primary,min,5,5,0.01348372072898254,-0.10673914456490638,0.059626373079521976,0.2261368591210418,0.11713497396480022,,0,NO-GO
BACE1,primary,min,6,5,-0.006239951706722433,-0.11298592758552321,0.05833973203889968,-0.10695886814429945,0.1068104720431426,,0,NO-GO
BACE1,primary,ranksum,1,5,-0.09764847068150209,-0.2090198205033953,0.0,nan,0.015541376065149992,,0,NO-GO
BACE1,primary,ranksum,2,5,-0.0617186940593879,-0.18714457118757571,0.035717048202687326,-1.7279897742149988,0.04998394561544137,-0.3382050855420056,0,NO-GO
BACE1,primary,ranksum,3,5,-0.0785487054676112,-0.19820947154353177,0.03685407299146614,-2.1313439490337958,0.042454343002782925,-0.3434397805195352,0,NO-GO
BACE1,primary,ranksum,4,5,-0.08694566819091598,-0.19971591033467034,0.0341181611073917,-2.5483691198139984,0.02982657947372207,,0,NO-GO
BACE1,primary,ranksum,5,5,-0.052775060728956526,-0.15024203064715044,0.03927756999604802,-1.3436437318873489,0.031412257116340894,,0,NO-GO
BACE1,primary,ranksum,6,5,-0.05909310859284809,-0.1544793613995681,0.0454518628633859,-1.3001251185339424,0.024009197416380402,,0,NO-GO
BACE1,primary,rrf,1,5,-0.09764847068150209,-0.2090198205033953,0.0,nan,0.015541376065149992,,0,NO-GO
BACE1,primary,rrf,2,5,-0.06892124931666599,-0.1769409779010061,0.031639041329516435,-2.1783608611544287,0.04232126193360848,-0.34140187763915925,0,NO-GO
BACE1,primary,rrf,3,5,-0.0501174449955471,-0.15407971838596415,0.03846988819003692,-1.3027707475512422,0.049522557610369965,-0.3338894361077042,0,NO-GO
BACE1,primary,rrf,4,5,-0.06504582761506575,-0.1728445971845586,0.03924969543717001,-1.6572313973541422,0.05046325218337846,,0,NO-GO
BACE1,primary,rrf,5,5,-0.05613142044525168,-0.14960649570886528,0.03785113169179955,-1.482952237790358,0.04782080973725707,,0,NO-GO
BACE1,primary,rrf,6,5,-0.06729129505293466,-0.1630301207872412,0.03827216022996217,-1.758230908540518,0.04036739895634369,,0,NO-GO
BACE1,primary,zmean,1,5,-0.09692237726156361,-0.20844815930077454,0.0,nan,0.020708736608182544,,0,NO-GO
BACE1,primary,zmean,2,5,-0.07594311551180757,-0.18643330315190879,0.03701373045589855,-2.0517552426198424,0.048754070399727276,-0.3345778366130921,0,NO-GO
BACE1,primary,zmean,3,5,-0.05562265165769138,-0.17253184275798766,0.042015255750818256,-1.3238679775645092,0.05261721728162862,-0.3287805568179961,0,NO-GO
BACE1,primary,zmean,4,5,-0.06072108435026754,-0.17866860470138976,0.041992693645176236,-1.4459916494840683,0.04634656458855748,,0,NO-GO
BACE1,primary,zmean,5,5,-0.034598531477104996,-0.14703974835705594,0.042909937179733536,-0.8063058058599527,0.0448442181355191,,0,NO-GO
BACE1,primary,zmean,6,5,-0.06862733794400337,-0.17844300330436563,0.04297725800674697,-1.5968291400356351,0.03141872778434131,,0,NO-GO
CDK2,control,gmean,1,4,0.011009749579554098,-0.14493212005618267,0.0,nan,0.10523549029476423,,0,NO-GO
CDK2,control,gmean,2,4,-0.03904373397213953,-0.16329048557135634,0.04912077399391587,-0.7948517663214246,0.06842798644032586,-0.6882806568276599,0,NO-GO
CDK2,control,gmean,3,4,0.0032365749432313323,-0.0991871672378499,0.05400448889222154,0.059931591051452536,0.07477381878763165,-0.68570978135398,0,NO-GO
CDK2,control,gmean,4,4,-0.011515365045744339,-0.10840133729310464,0.053984216412481044,-0.213309848896538,0.07673299674745918,,0,NO-GO
CDK2,control,gmean,5,4,0.006477668573256795,-0.07729632557355132,0.054941954821077776,0.11790022022972727,0.08380676945699997,,0,NO-GO
CDK2,control,gmean,6,4,-0.006102844148026032,-0.10068479692672713,0.05666256489520233,-0.1077050458148739,0.07904906272586162,,0,NO-GO
CDK2,control,hmean,1,4,0.011009749579554098,-0.14493212005618267,0.0,nan,0.10523549029476423,,0,NO-GO
CDK2,control,hmean,2,4,-0.013475685668748752,-0.13796649423259144,0.0429648164570343,-0.31364466975495436,0.07240543660896068,-0.6841045402100054,0,NO-GO
CDK2,control,hmean,3,4,-0.0181270744148066,-0.13766831800133186,0.046408793234621444,-0.39059568567457625,0.07585932063681183,-0.6838834006438209,0,NO-GO
CDK2,control,hmean,4,4,-0.011840318076531381,-0.12344941514185837,0.05252843781712376,-0.2254077708869452,0.09483017273496569,,0,NO-GO
CDK2,control,hmean,5,4,0.0023464639595154047,-0.0870104387717558,0.049636129484091455,0.047273306438356644,0.05961304024612871,,0,NO-GO
CDK2,control,hmean,6,4,0.007346282019995251,-0.08336124643403031,0.05264309030256266,0.1395488368515789,0.08217006695979584,,0,NO-GO
CDK2,control,max,1,4,0.011009749579554098,-0.14493212005618267,0.0,nan,0.10523549029476423,,0,NO-GO
CDK2,control,max,2,4,-0.007394116774679868,-0.16793078484472945,0.02514843926307557,-0.2940189129564135,0.11696615774075139,-0.6607468441675585,0,NO-GO
CDK2,control,max,3,4,-0.007470846523187871,-0.176160200376916,0.036920075823374573,-0.202351873786185,0.10581046212137865,-0.678986343719231,0,NO-GO
CDK2,control,max,4,4,-0.04711921282693342,-0.20394579072188884,0.046929807123631095,-1.004035936112061,0.08955666212654201,,0,NO-GO
CDK2,control,max,5,4,-0.024428292027459997,-0.18189313667855603,0.052433216522977305,-0.4658934478443645,0.0926906438500239,,0,NO-GO
CDK2,control,max,6,4,-0.01932766896631062,-0.17607290734687492,0.053451984898072055,-0.36158935918220214,0.09169952823332778,,0,NO-GO
CDK2,control,mean,1,4,0.011009749579554098,-0.14493212005618267,0.0,nan,0.10523549029476423,,0,NO-GO
CDK2,control,mean,2,4,-0.02881452153510977,-0.1505502813568998,0.04882471531747653,-0.5901626122701791,0.06891562603183793,-0.6897930389114288,0,NO-GO
CDK2,control,mean,3,4,-0.006149231995787707,-0.12805601112629528,0.050333504939375925,-0.12216975557720719,0.09852914994504536,-0.6653352035391012,0,NO-GO
CDK2,control,mean,4,4,-0.016228384734818538,-0.10959621606063473,0.056349360605957646,-0.28799589845040335,0.06461523335292227,,0,NO-GO
CDK2,control,mean,5,4,-0.03929993668504696,-0.13985529441021805,0.055668042110988504,-0.7059694430548225,0.063661922444634,,0,NO-GO
CDK2,control,mean,6,4,0.00449177086028868,-0.0928815612296365,0.053716141965247266,0.08362050392961431,0.08853948374937617,,0,NO-GO
CDK2,control,min,1,4,0.011009749579554098,-0.14493212005618267,0.0,nan,0.10523549029476423,,0,NO-GO
CDK2,control,min,2,4,-0.00568304683291139,-0.1376073441624487,0.026985156633816426,-0.21059899373678953,0.10322983325335422,-0.6546938825576191,0,NO-GO
CDK2,control,min,3,4,0.03305297936175454,-0.08681310179276307,0.03029808649320393,1.0909262988990591,0.10876618057848694,-0.6543676049133162,1,GO
CDK2,control,min,4,4,0.004191048164297023,-0.12403552392935356,0.02985862486694585,0.14036306705258236,0.10438276895482287,,0,NO-GO
CDK2,control,min,5,4,0.043032769827709885,-0.07392698035184446,0.041062076140145364,1.0479930357354197,0.10619497781732634,,0,GO
CDK2,control,min,6,4,0.044825919112635434,-0.06887303528588712,0.042057017139690296,1.0658368605588069,0.102845983916702,,0,GO
CDK2,control,ranksum,1,4,0.009549170228349751,-0.14836722451203652,0.0,nan,0.09772081336163627,,0,NO-GO
CDK2,control,ranksum,2,4,-0.021623248343933324,-0.1400359493819784,0.0431957283656484,-0.50058765442949,0.07795323462589374,-0.6874791642182558,0,NO-GO
CDK2,control,ranksum,3,4,-0.04934389792676361,-0.16861389125673834,0.046161810860480504,-1.068933324039229,0.07454459429179672,-0.6965011145307678,0,NO-GO
CDK2,control,ranksum,4,4,-0.028336192200114407,-0.14233823909667556,0.04618748098323056,-0.6135037373093051,0.08436935725754846,,0,NO-GO
CDK2,control,ranksum,5,4,-0.018834248745965093,-0.12173362462317158,0.04702727851160969,-0.40049625115592125,0.09972582289801343,,0,NO-GO
CDK2,control,ranksum,6,4,-0.026475073639595767,-0.13146573146877158,0.04931116800376225,-0.5368981249354269,0.08043488124063422,,0,NO-GO
CDK2,control,rrf,1,4,0.009549170228349751,-0.14836722451203652,0.0,nan,0.09772081336163627,,0,NO-GO
CDK2,control,rrf,2,4,-0.03348781593363635,-0.14988055707099196,0.0435601159947759,-0.7687724233253305,0.07999053755297073,-0.6817158568965034,0,NO-GO
CDK2,control,rrf,3,4,-0.04315617606615088,-0.15547122624072812,0.04964755514828448,-0.8692507805722655,0.06906713755907612,-0.6906966322292565,0,NO-GO
CDK2,control,rrf,4,4,-0.004793628892893628,-0.10550884520869769,0.0477970443773464,-0.1002913246067907,0.07880599474648206,,0,NO-GO
CDK2,control,rrf,5,4,-0.02120095672122574,-0.12237619050613552,0.04857454312001075,-0.43646229813928605,0.06744551052479192,,0,NO-GO
CDK2,control,rrf,6,4,0.01934178018833592,-0.07493035882903008,0.04807020063154341,0.4023652893939441,0.09700593542630137,,0,NO-GO
CDK2,control,zmean,1,4,0.011009749579554098,-0.14493212005618267,0.0,nan,0.10523549029476423,,0,NO-GO
CDK2,control,zmean,2,4,-0.02656193387544975,-0.13567562737312344,0.04692328050323271,-0.5660715446700237,0.059768506564237295,-0.701121860577727,0,NO-GO
CDK2,control,zmean,3,4,-0.012082292161384608,-0.13692317651947408,0.04753035265528861,-0.2542016098430996,0.07986733767350579,-0.682114603363068,0,NO-GO
CDK2,control,zmean,4,4,-0.04254347147269939,-0.14900702510558056,0.054445285475594504,-0.7813986298551013,0.06457680417657155,,0,NO-GO
CDK2,control,zmean,5,4,-0.02319250819807127,-0.11644138307991364,0.05470646824078809,-0.4239445342366185,0.06378980521813479,,0,NO-GO
CDK2,control,zmean,6,4,-0.0013975070408894091,-0.08068275468423672,0.053802041649456026,-0.02597498158145712,0.07179250817574392,,0,NO-GO
EGFR,secondary,gmean,1,5,0.02940579381566343,-0.10408136134948323,0.0,nan,0.051167459545379115,,0,NO-GO
EGFR,secondary,gmean,2,5,0.034944115494682786,-0.0801591475437263,0.027156163853434778,1.2867839391189624,0.04869810829947828,-0.32603486311198804,0,GO
EGFR,secondary,gmean,3,5,0.034973123938270546,-0.07387284258518537,0.02820464647984421,1.2399773903659197,0.04891150344572209,-0.32269778902150004,0,GO
EGFR,secondary,gmean,4,5,0.036274663888400636,-0.07636455156024233,0.031054489200558682,1.1680972645896246,0.04191010924368267,,0,GO
EGFR,secondary,gmean,5,5,0.02625875338651873,-0.09309979842466339,0.031861222075008896,0.824160269957611,0.03311323757938669,,0,NO-GO
EGFR,secondary,gmean,6,5,0.025094755911786264,-0.08908270333947069,0.032900462152120745,0.7627478238985367,0.029586597194579723,,0,NO-GO
EGFR,secondary,hmean,1,5,0.02940579381566343,-0.10408136134948323,0.0,nan,0.051167459545379115,,0,NO-GO
EGFR,secondary,hmean,2,5,0.02974949731441235,-0.08998894306957744,0.0245575361931171,1.2114202776885425,0.04012182956227115,-0.33653593728011005,0,GO
EGFR,secondary,hmean,3,5,0.03812092218123162,-0.07061101635530535,0.027510245863585758,1.3856990726386347,0.0384360326481064,-0.33160860338050363,0,GO
EGFR,secondary,hmean,4,5,0.0256067676137422,-0.09102866454693882,0.0267924314702525,0.9557463137368948,0.030402705758755776,,0,NO-GO
EGFR,secondary,hmean,5,5,0.012081103543917348,-0.10815241641029667,0.029448197632326756,0.41024933664039653,0.03205414288253128,,0,NO-GO
EGFR,secondary,hmean,6,5,0.01431595588176141,-0.10219634255145918,0.03228266516409714,0.4434564435430432,0.0303714848636644,,0,NO-GO
EGFR,secondary,max,1,5,0.02940579381566343,-0.10408136134948323,0.0,nan,0.051167459545379115,,0,NO-GO
EGFR,secondary,max,2,5,0.004753721176947534,-0.11507061420874964,0.027104750990699367,0.17538331853993824,0.05698907487529523,-0.3230976835727378,0,NO-GO
EGFR,secondary,max,3,5,-0.050745445105388885,-0.17929119823955048,0.03969289310222602,-1.2784516607216778,0.018725995144534234,-0.36148515536018405,0,NO-GO
EGFR,secondary,max,4,5,-0.024264705247889116,-0.1591069753847752,0.0427542650331872,-0.567538822829818,0.04517063289186064,,0,NO-GO
EGFR,secondary,max,5,5,-0.05025219879859535,-0.15596008373629472,0.04141407152136084,-1.213408799293639,0.011436910382144349,,0,NO-GO
EGFR,secondary,max,6,5,-0.02809021919092043,-0.15075928498466712,0.0421795017248411,-0.6659684928041015,0.03770524373127252,,0,NO-GO
EGFR,secondary,mean,1,5,0.02940579381566343,-0.10408136134948323,0.0,nan,0.051167459545379115,,0,NO-GO
EGFR,secondary,mean,2,5,0.042839546960697736,-0.0639564925952752,0.028189132451995856,1.5197185310207941,0.05138216391071113,-0.32128176544869724,0,GO
EGFR,secondary,mean,3,5,0.03574203086243824,-0.06577147099274464,0.028472612790772893,1.2553126446485146,0.04879738105277356,-0.32134990437607597,0,GO
EGFR,secondary,mean,4,5,0.03287473114885253,-0.08077898903528993,0.02774052453084792,1.1850796516949522,0.04731373870370753,,0,GO
EGFR,secondary,mean,5,5,0.027229483375207114,-0.09159638567668948,0.03136376880696066,0.8681827602671268,0.03473130659973306,,0,NO-GO
EGFR,secondary,mean,6,5,0.008346905677477067,-0.10531069358525254,0.03184048491971165,0.26214756774353354,0.02834950299949999,,0,NO-GO
EGFR,secondary,min,1,5,0.02940579381566343,-0.10408136134948323,0.0,nan,0.051167459545379115,,0,NO-GO
EGFR,secondary,min,2,5,0.018401768361062477,-0.10998344620557879,0.004359310719147536,4.2212564202491505,0.05531940604069496,-0.31854609998389427,0,GO
EGFR,secondary,min,3,5,0.018652518285278835,-0.1062499023910676,0.008305073682941146,2.2459184586876852,0.05498230343440953,-0.3184339713922794,0,GO
EGFR,secondary,min,4,5,0.016178311383483763,-0.10556396505405719,0.008694218419472996,1.8608126231620965,0.05280274639271145,,0,GO
EGFR,secondary,min,5,5,0.014486810170247628,-0.1075492656708307,0.010946970488997546,1.3233624941994557,0.04660140354016397,,0,GO
EGFR,secondary,min,6,5,0.0013114057242991112,-0.11997988945919971,0.024447597069986077,0.053641497794034855,0.038131881080828545,,0,NO-GO
EGFR,secondary,ranksum,1,5,0.017970262776454783,-0.11071345531846528,0.0,nan,0.05157393691171822,,0,NO-GO
EGFR,secondary,ranksum,2,5,0.01692003576396563,-0.07703557782572887,0.025476344048981255,0.6641469329914402,0.051812279084112255,-0.32545890233301594,0,NO-GO
EGFR,secondary,ranksum,3,5,0.006975213091840363,-0.09224848686925777,0.03479131000415736,0.20048722198177835,0.03571470241962264,-0.3395407766999611,0,NO-GO
EGFR,secondary,ranksum,4,5,-0.0040190137597570065,-0.09068067098875668,0.033613561587639035,-0.11956524598794518,0.02969015560701429,,0,NO-GO
EGFR,secondary,ranksum,5,5,0.007761921024759405,-0.07421416168038246,0.03300790861722184,0.23515337232573505,0.028137085210748168,,0,NO-GO
EGFR,secondary,ranksum,6,5,0.005874739752948574,-0.09382599925093156,0.03495828397572337,0.16805000374241086,0.027880788415302706,,0,NO-GO
EGFR,secondary,rrf,1,5,0.017970262776454783,-0.11071345531846528,0.0,nan,0.05157393691171822,,0,NO-GO
EGFR,secondary,rrf,2,5,0.01537738185119566,-0.07342291629462797,0.021597991943726597,0.7119820162569424,0.05697199944391701,-0.3227705326802008,0,NO-GO
EGFR,secondary,rrf,3,5,0.00618350817122591,-0.09119870851479965,0.02955068726787704,0.2092509089610132,0.03848990725072501,-0.3341919326928926,0,NO-GO
EGFR,secondary,rrf,4,5,0.014938866262266082,-0.08001998665448275,0.029728698772539846,0.5025065636597923,0.03967655760248754,,0,NO-GO
EGFR,secondary,rrf,5,5,0.017737892154948736,-0.07851723059226237,0.03295544445288619,0.5382385960628511,0.0304721026805292,,0,NO-GO
EGFR,secondary,rrf,6,5,-0.0018472392018309969,-0.11282803292874452,0.0327223065206166,-0.05645198637410077,0.01945415241999824,,0,NO-GO
EGFR,secondary,zmean,1,5,0.02940579381566343,-0.10408136134948323,0.0,nan,0.051167459545379115,,0,NO-GO
EGFR,secondary,zmean,2,5,0.022087123325697938,-0.07426871993553892,0.02739191398389489,0.8063373497260574,0.05319123143206633,-0.31891213353912173,0,NO-GO
EGFR,secondary,zmean,3,5,0.014356006555203502,-0.09643026988957568,0.030237290467623516,0.47477820708092716,0.03959437927565922,-0.33354230097121046,0,NO-GO
EGFR,secondary,zmean,4,5,0.028372160607212725,-0.08656273384817939,0.029092497782162757,0.9752397617989444,0.04039302843241305,,0,NO-GO
EGFR,secondary,zmean,5,5,0.023797683018877115,-0.08688257607461639,0.031672297913103484,0.7513721639070439,0.03561957348329856,,0,NO-GO
EGFR,secondary,zmean,6,5,0.00893035815422442,-0.10457456719805414,0.03344848654619193,0.26698840743935337,0.030682082971663804,,0,NO-GO
ESR1,primary,gmean,1,5,-0.007112947888268406,-0.05334956536409148,0.0,nan,0.009545105557440836,,0,NO-GO
ESR1,primary,gmean,2,5,-0.018031796280287664,-0.12776397924824143,0.04315380995836369,-0.4178494621375349,0.026566653576608902,-0.3573237212024482,0,NO-GO
ESR1,primary,gmean,3,5,-0.05236601332531192,-0.16491410430895354,0.04488723141720726,-1.1666126796414027,0.020771170417916363,-0.3689530904628262,0,NO-GO
ESR1,primary,gmean,4,5,-0.02749154708927553,-0.12366445321203538,0.040169183047647175,-0.6843939807455405,0.02525812099586262,,0,NO-GO
ESR1,primary,gmean,5,5,-0.03114368203035548,-0.12467183955529526,0.0473188471771562,-0.6581665422607867,0.017240678180663015,,0,NO-GO
ESR1,primary,gmean,6,5,-0.06707752662617371,-0.1742782265078223,0.04864812393013465,-1.3788306969967885,0.016235732674804094,,0,NO-GO
ESR1,primary,hmean,1,5,-0.007112947888268406,-0.05334956536409148,0.0,nan,0.009545105557440836,,0,NO-GO
ESR1,primary,hmean,2,5,-0.04585048599068444,-0.17234430356176153,0.04510589764061355,-1.0165075608516538,0.031184236528320475,-0.35821459764496194,0,NO-GO
ESR1,primary,hmean,3,5,-0.025014464144542913,-0.12589058658659555,0.045828628706655036,-0.5458261538798873,0.03495261992539171,-0.35186331194852,0,NO-GO
ESR1,primary,hmean,4,5,-0.006297174821044837,-0.12123714072912717,0.046575258455381775,-0.13520429150333996,0.0603063494080041,,0,NO-GO
ESR1,primary,hmean,5,5,-0.032902908806240846,-0.13335666003157548,0.04755540352023545,-0.691885808354885,0.04901383832123294,,0,NO-GO
ESR1,primary,hmean,6,5,-0.01570877638398883,-0.11332162145467098,0.04571423797648317,-0.34362984224017723,0.055984591803893945,,0,NO-GO
ESR1,primary,max,1,5,-0.007112947888268406,-0.05334956536409148,0.0,nan,0.009545105557440836,,0,NO-GO
ESR1,primary,max,2,5,-0.0643414498385044,-0.14294473233922872,0.019135656890513518,-3.362385216595392,0.018057399200025116,-0.3700772569792945,0,NO-GO
ESR1,primary,max,3,5,-0.06224217666880736,-0.1481762192983271,0.023973218448199565,-2.596321257544035,0.015825664028785692,-0.37478016150314913,0,NO-GO
ESR1,primary,max,4,5,-0.06522676056916786,-0.15774356135634848,0.032256671852679025,-2.022116877620484,0.005982126064830751,,0,NO-GO
ESR1,primary,max,5,5,-0.07704016175666645,-0.1721462807976606,0.036216786408219626,-2.127194856227821,-0.0036091498396850553,,0,NO-GO
ESR1,primary,max,6,5,-0.07912688849783242,-0.17517423985847422,0.036578673175522984,-2.16319733955744,-0.014374564343713559,,0,NO-GO
ESR1,primary,mean,1,5,-0.007112947888268406,-0.05334956536409148,0.0,nan,0.009545105557440836,,0,NO-GO
ESR1,primary,mean,2,5,-0.018801009424814268,-0.12223654136898184,0.04383863965340862,-0.428868449693156,0.026712451453085095,-0.3539618582430367,0,NO-GO
ESR1,primary,mean,3,5,-0.06429150642969465,-0.17092710429286925,0.04267185320490023,-1.506649034457958,0.028142147014629894,-0.35723991605324257,0,NO-GO
ESR1,primary,mean,4,5,-0.04974349152833538,-0.1485222781984318,0.03840028004638464,-1.2953939780712276,0.01242936992370769,,0,NO-GO
ESR1,primary,mean,5,5,-0.02439927174826435,-0.12087550952189026,0.04354470920018026,-0.560326896112636,0.0031734831648796203,,0,NO-GO
ESR1,primary,mean,6,5,-0.037226429369681964,-0.13994071876424324,0.04726984576493491,-0.7875301636227631,0.004355706613642351,,0,NO-GO
ESR1,primary,min,1,5,-0.007112947888268406,-0.05334956536409148,0.0,nan,0.009545105557440836,,0,NO-GO
ESR1,primary,min,2,5,-0.009569052028908231,-0.10651347417984063,0.04370452628748985,-0.21894876439027583,0.0663906321114212,-0.31930927081847854,0,NO-GO
ESR1,primary,min,3,5,-0.010333356989862597,-0.14259086492987338,0.05764368912582836,-0.1792625896532451,0.09957599493246369,-0.28538575361726054,0,NO-GO
ESR1,primary,min,4,5,-0.021019781471260646,-0.1357813428411098,0.06640585588781847,-0.3165350583956034,0.07676928448330064,,0,NO-GO
ESR1,primary,min,5,5,-0.044142818288459076,-0.16025231653502195,0.062110242850908305,-0.7107172064102392,0.03907650303031303,,0,NO-GO
ESR1,primary,min,6,5,-0.04572299972193215,-0.1460168235990687,0.0578711989022192,-0.7900821235652473,0.030334112422965,,0,NO-GO
ESR1,primary,ranksum,1,5,-0.006142438075455692,-0.05097624032068728,0.0,nan,0.010666754564762515,,0,NO-GO
ESR1,primary,ranksum,2,5,-0.06005866076077378,-0.16094339876549496,0.03539272813797655,-1.6969209190836738,0.014518783712437977,-0.3729645836083057,0,NO-GO
ESR1,primary,ranksum,3,5,-0.06699339631669463,-0.16615766922888578,0.042950970556532894,-1.5597644348575692,0.0072409071487839595,-0.38344379663405415,0,NO-GO
ESR1,primary,ranksum,4,5,-0.06350165600623553,-0.1695950890847512,0.03957283575452715,-1.604677926043521,0.0042436444976475364,,0,NO-GO
ESR1,primary,ranksum,5,5,-0.060917548399001806,-0.17002003284336004,0.04219958570914585,-1.4435579727930656,-5.3943347092699764e-05,,0,NO-GO
ESR1,primary,ranksum,6,5,-0.06317545799824793,-0.16867242412984754,0.04985104196666715,-1.2672846044118826,-0.0022913556326250805,,0,NO-GO
ESR1,primary,rrf,1,5,-0.006142438075455692,-0.05097624032068728,0.0,nan,0.010666754564762515,,0,NO-GO
ESR1,primary,rrf,2,5,-0.032512594419228796,-0.14405614035577266,0.042291234933204795,-0.768778553536673,0.02949788481765987,-0.36145581996236487,0,NO-GO
ESR1,primary,rrf,3,5,0.01733544745978937,-0.09830298571733476,0.048616337892495344,0.35657657921752584,0.07553382624753593,-0.3137154902814236,0,NO-GO
ESR1,primary,rrf,4,5,-0.0364469623259708,-0.13784490034466407,0.04603405648382872,-0.7917390973088421,0.059773246805123345,,0,NO-GO
ESR1,primary,rrf,5,5,-0.010677704944516142,-0.09103130710678484,0.04351104622638351,-0.24540216498038542,0.05493066815188212,,0,NO-GO
ESR1,primary,rrf,6,5,-0.02485182572941592,-0.11789014198182948,0.03844334389632076,-0.6464532793099296,0.06066346184010374,,0,NO-GO
ESR1,primary,zmean,1,5,-0.007112947888268406,-0.05334956536409148,0.0,nan,0.009545105557440836,,0,NO-GO
ESR1,primary,zmean,2,5,-0.033177200014774186,-0.1338417836408212,0.0418490296662542,-0.7927830174167044,0.024897775427210944,-0.36492952696037645,0,NO-GO
ESR1,primary,zmean,3,5,-0.019031982526742597,-0.11476680577945923,0.041772378817676384,-0.4556116521352868,0.0289002719588622,-0.3610959482141388,0,NO-GO
ESR1,primary,zmean,4,5,-0.006891721328930134,-0.09800735986297755,0.042781164513476744,-0.1610924201644659,0.048008799935936076,,0,NO-GO
ESR1,primary,zmean,5,5,-0.020445382789981897,-0.11881495559520068,0.04338014724521864,-0.4713073626608169,0.018884808942905763,,0,NO-GO
ESR1,primary,zmean,6,5,-0.03071554095331922,-0.12713892790498948,0.04474895441084754,-0.6863968411711874,0.012087991644796658,,0,NO-GO
FA10,secondary,gmean,1,5,0.003728576501325778,-0.10899371690715878,0.0,nan,0.0676380003926563,,0,NO-GO
FA10,secondary,gmean,2,5,0.012538939255206544,-0.0813744992403789,0.02825122998517085,0.4438369324729673,0.06319080950258536,-0.30407933153253,0,NO-GO
FA10,secondary,gmean,3,5,0.026587991178612057,-0.047724942933627446,0.03449428168037681,0.7707941688705319,0.05652444606112739,-0.3039140305205899,0,NO-GO
FA10,secondary,gmean,4,5,0.011676739844213125,-0.06852915591801592,0.03561118985530901,0.32789524561399414,0.05061288970151297,,0,NO-GO
FA10,secondary,gmean,5,5,0.027094481284581758,-0.04366922848198054,0.03889034158557708,0.6966892081665348,0.05343557803085271,,0,NO-GO
FA10,secondary,gmean,6,5,0.021591145321023755,-0.06443967095913715,0.03806061776513758,0.5672831022937472,0.0608051226064125,,0,NO-GO
FA10,secondary,hmean,1,5,0.003728576501325778,-0.10899371690715878,0.0,nan,0.0676380003926563,,0,NO-GO
FA10,secondary,hmean,2,5,0.004355897060285846,-0.09251058906054659,0.02788322203975478,0.15621928678383662,0.06379613766720234,-0.30243139367428323,0,NO-GO
FA10,secondary,hmean,3,5,-0.0011029957740993745,-0.07738683387035825,0.03606522983314579,-0.030583356301965528,0.03941148122406204,-0.3196965818759653,0,NO-GO
FA10,secondary,hmean,4,5,0.007148153374337149,-0.06840072144981604,0.035829408737904314,0.19950520050795706,0.05064784169138611,,0,NO-GO
FA10,secondary,hmean,5,5,0.023596427959373844,-0.05220972222260717,0.03848986964276979,0.6130555436631977,0.054160572745818106,,0,NO-GO
FA10,secondary,hmean,6,5,0.033973463489161325,-0.05320365750639823,0.03842711693955956,0.8841012856258978,0.05937030330660349,,0,NO-GO
FA10,secondary,max,1,5,0.003728576501325778,-0.10899371690715878,0.0,nan,0.0676380003926563,,0,NO-GO
FA10,secondary,max,2,5,0.030507536611460783,-0.09257502442755,0.03225034578702495,0.9459599848301365,0.06807505362306691,-0.30755696349200934,0,NO-GO
FA10,secondary,max,3,5,0.021102147936192268,-0.09393962636566118,0.04366486730252915,0.48327521047956995,0.07646176885463099,-0.30025078044098474,0,NO-GO
FA10,secondary,max,4,5,0.01979980710825491,-0.0903395059145936,0.05169757088014054,0.3829929873138574,0.07820644770940142,,0,NO-GO
FA10,secondary,max,5,5,0.031907169459035156,-0.07576318162335363,0.055755623904966245,0.5722681807564373,0.0777075218824958,,0,NO-GO
FA10,secondary,max,6,5,0.03309917870533019,-0.07781780883571095,0.05246176712202559,0.6309200112977857,0.07181903976829163,,0,NO-GO
FA10,secondary,mean,1,5,0.003728576501325778,-0.10899371690715878,0.0,nan,0.0676380003926563,,0,NO-GO
FA10,secondary,mean,2,5,0.03741151029926544,-0.06144078774492754,0.02908737867505846,1.286176754433519,0.07310525514390827,-0.2914356230108703,0,GO
FA10,secondary,mean,3,5,0.02590902001030096,-0.049660955033205674,0.034173353464633086,0.7581643995551942,0.05605410032103568,-0.30326698373206645,0,NO-GO
FA10,secondary,mean,4,5,0.028616327774501533,-0.054238213260372994,0.03635614630889026,0.7871111402009049,0.05989422650747552,,0,NO-GO
FA10,secondary,mean,5,5,0.011913897361948627,-0.06788782868968905,0.03895629481947262,0.3058272717453963,0.05372801188987079,,0,NO-GO
FA10,secondary,mean,6,5,0.020908848323546107,-0.0732089289571745,0.03886364874054769,0.5380052826005304,0.06349383029543743,,0,NO-GO
FA10,secondary,min,1,5,0.003728576501325778,-0.10899371690715878,0.0,nan,0.0676380003926563,,0,NO-GO
FA10,secondary,min,2,5,0.004693767707738911,-0.08278739840404006,0.028280003764017854,0.1659747907711045,0.04996127985635836,-0.3147635270050401,0,NO-GO
FA10,secondary,min,3,5,-0.01680142640199392,-0.10640860323155085,0.03312469421013055,-0.5072175548372466,0.0448071082084053,-0.31885547505763656,0,NO-GO
FA10,secondary,min,4,5,-0.011099513916509563,-0.09594171855481541,0.034369395434822404,-0.3229476042881962,0.04140980008022096,,0,NO-GO
FA10,secondary,min,5,5,-0.009358889200407314,-0.09397359584069201,0.035565521555148846,-0.26314500086537945,0.04351193131219425,,0,NO-GO
FA10,secondary,min,6,5,-0.004320271042799975,-0.0805623340643032,0.035471028906872856,-0.12179717295888422,0.04625391997867914,,0,NO-GO
FA10,secondary,ranksum,1,5,0.00530173385852728,-0.10731930253417643,0.0,nan,0.0682286642154987,,0,NO-GO
FA10,secondary,ranksum,2,5,0.033587332354783575,-0.07001579549849328,0.034208233964015525,0.9818493521213316,0.0786210607883385,-0.28964539563971636,0,NO-GO
FA10,secondary,ranksum,3,5,0.025402778379874442,-0.06531444736307977,0.03592621474698142,0.7070819611467369,0.06623740344650594,-0.29438621857062086,0,NO-GO
FA10,secondary,ranksum,4,5,0.03009760131850628,-0.057247427869950275,0.03475025795304508,0.8661115943131841,0.07212786862275762,,0,NO-GO
FA10,secondary,ranksum,5,5,0.015561604447993616,-0.08543079556760992,0.03906921024816101,0.3983086514712977,0.06445307534571434,,0,NO-GO
FA10,secondary,ranksum,6,5,0.02233489919027202,-0.07163829557162922,0.03745270015095496,0.5963495048487854,0.05960666644815336,,0,NO-GO
FA10,secondary,rrf,1,5,0.00530173385852728,-0.10731930253417643,0.0,nan,0.0682286642154987,,0,NO-GO
FA10,secondary,rrf,2,5,0.04032638947457651,-0.05606723411414601,0.035198151790261686,1.1456962204968288,0.08127997317722033,-0.28866640421009493,0,GO
FA10,secondary,rrf,3,5,0.028224489931552216,-0.05771416217803561,0.035000688171070826,0.806398142619397,0.05894108646916727,-0.303668443225909,0,NO-GO
FA10,secondary,rrf,4,5,0.006336410938572909,-0.07236521107511554,0.03805418223131363,0.16651023795641756,0.053638708024856686,,0,NO-GO
FA10,secondary,rrf,5,5,0.020539647419770428,-0.06154160041792114,0.03981547510486687,0.5158709613704886,0.053807287209554355,,0,NO-GO
FA10,secondary,rrf,6,5,0.016915763964246943,-0.08086574595848081,0.03912278040281406,0.4323763237193185,0.057014108934596096,,0,NO-GO
FA10,secondary,zmean,1,5,0.003728576501325778,-0.10899371690715878,0.0,nan,0.0676380003926563,,0,NO-GO
FA10,secondary,zmean,2,5,0.04057791626340918,-0.06139061382860265,0.02906545550992936,1.396087401745585,0.07265642806442553,-0.2928754518286357,0,GO
FA10,secondary,zmean,3,5,0.019398742751551776,-0.05734072109922295,0.034744384104463816,0.5583274319448795,0.056375979978724865,-0.3026987150318859,0,NO-GO
FA10,secondary,zmean,4,5,0.014506049494419374,-0.06847936474363452,0.038138070116508986,0.3803561493831351,0.05987726795037076,,0,NO-GO
FA10,secondary,zmean,5,5,0.014208585632531776,-0.06919627578904344,0.039807518851780715,0.356932208848183,0.05268917593320238,,0,NO-GO
FA10,secondary,zmean,6,5,0.022783630253764422,-0.0759735501426935,0.03954429233872514,0.5761547092208994,0.06275031992798918,,0,NO-GO
MK14,primary,gmean,1,5,0.04315820914863079,-0.14567762588220812,0.0,nan,0.07294078881260516,,0,NO-GO
MK14,primary,gmean,2,5,-0.0003439220382061792,-0.12270489543577737,0.06147410381724816,-0.005594584009367582,0.04611634980295981,-0.3523534111942092,0,NO-GO
MK14,primary,gmean,3,5,-0.024162406537096708,-0.1467647519852689,0.07472416071206589,-0.3233546727972168,0.06952662700322168,-0.33552270363534803,0,NO-GO
MK14,primary,gmean,4,5,0.041435990414255934,-0.08873470972886902,0.07904378976134013,0.5242156346420783,0.12334448136982752,,0,NO-GO
MK14,primary,gmean,5,5,0.05227960288223854,-0.07971829210722312,0.07863406548996109,0.664846750024808,0.11640938611497195,,0,NO-GO
MK14,primary,gmean,6,5,0.04300293276700308,-0.06826606798048632,0.07582798162243816,0.5671116630945394,0.09800270926751249,,0,NO-GO
MK14,primary,hmean,1,5,0.04315820914863079,-0.14567762588220812,0.0,nan,0.07294078881260516,,0,NO-GO
MK14,primary,hmean,2,5,0.030419164325025776,-0.09072108686645151,0.061951492864785795,0.49101584027067907,0.07746242212452249,-0.3205223134048081,0,NO-GO
MK14,primary,hmean,3,5,-0.00824134550194025,-0.1301560454111787,0.06927578877667828,-0.11896429687011666,0.06411594661216555,-0.3424468318777901,0,NO-GO
MK14,primary,hmean,4,5,0.02237279642112386,-0.09453491915874074,0.07121359108127781,0.31416469920171897,0.08657325975138146,,0,NO-GO
MK14,primary,hmean,5,5,0.016263718551098337,-0.08647012522205337,0.07662055033451964,0.21226313932870683,0.08447577364912391,,0,NO-GO
MK14,primary,hmean,6,5,0.021524305659280478,-0.07510658472468679,0.07722718960454501,0.27871408722108565,0.08246897775449866,,0,NO-GO
MK14,primary,max,1,5,0.04315820914863079,-0.14567762588220812,0.0,nan,0.07294078881260516,,0,NO-GO
MK14,primary,max,2,5,-0.06663302080481195,-0.229621541640488,0.07705419695467777,-0.8647552429104489,0.0809806495839607,-0.33353736170405746,0,NO-GO
MK14,primary,max,3,5,-0.017827003834144494,-0.16225630695829413,0.08242687641709656,-0.2162765909499745,0.11522494892065045,-0.30875667287638375,0,NO-GO
MK14,primary,max,4,5,0.022284513460207028,-0.13145912270037888,0.08118278890554646,0.27449800334076147,0.14783823981371477,,0,NO-GO
MK14,primary,max,5,5,0.03783823613587594,-0.10574243781936096,0.08322570083950653,0.4546460498884072,0.1576937134536338,,0,NO-GO
MK14,primary,max,6,5,0.050376063242940416,-0.09652329378583141,0.08554603377230648,0.5888766670004107,0.15759450019494653,,0,NO-GO
MK14,primary,mean,1,5,0.04315820914863079,-0.14567762588220812,0.0,nan,0.07294078881260516,,0,NO-GO
MK14,primary,mean,2,5,-0.02795568861251064,-0.1574553608527721,0.06495829424491914,-0.4303636500537767,0.032214092376702655,-0.36592975795639077,0,NO-GO
MK14,primary,mean,3,5,0.013950363267326637,-0.12354548438583604,0.07773041185301291,0.1794711096308942,0.10184797448986771,-0.30798527379022217,0,NO-GO
MK14,primary,mean,4,5,0.057307502297696544,-0.07844624239556437,0.08153047437544635,0.7028967111585361,0.12363746193529761,,0,NO-GO
MK14,primary,mean,5,5,0.031661760181751486,-0.10090221925126013,0.07885210323916786,0.4015334896739226,0.12340985365255326,,0,NO-GO
MK14,primary,mean,6,5,0.04696176142032564,-0.07399574824675237,0.07856731351001368,0.5977264503811779,0.11134621370050293,,0,NO-GO
MK14,primary,min,1,5,0.04315820914863079,-0.14567762588220812,0.0,nan,0.07294078881260516,,0,NO-GO
MK14,primary,min,2,5,0.029270558714160004,-0.11312745344879535,0.06228347498414314,0.469957058780231,0.08449752962002574,-0.3171692502313495,0,NO-GO
MK14,primary,min,3,5,-0.001922684955201387,-0.13473421633008084,0.061570667064143145,-0.031227288039584994,0.08056341425197164,-0.32693496597025773,0,NO-GO
MK14,primary,min,4,5,-0.01907092969429063,-0.139752036256732,0.06484981660402972,-0.2940783905486878,0.06917639633479174,,0,NO-GO
MK14,primary,min,5,5,-0.014607385595164663,-0.13863558728438916,0.06619613070242687,-0.22066826928041475,0.0701526139037876,,0,NO-GO
MK14,primary,min,6,5,-0.023913143726485352,-0.14430740846872842,0.06650206702571577,-0.35958496924972794,0.0749465541558955,,0,NO-GO
MK14,primary,ranksum,1,5,0.04467020438506804,-0.14744790052146545,0.0,nan,0.07343127379884838,,0,NO-GO
MK14,primary,ranksum,2,5,-0.10209076655018715,-0.24639306662344587,0.07108290998545444,-1.436220978728611,0.030714032135332657,-0.37483991686925877,0,NO-GO
MK14,primary,ranksum,3,5,-0.017468904000252205,-0.14605007897544872,0.07431158501482542,-0.23507645539746055,0.09498064872347287,-0.3168598375249026,0,NO-GO
MK14,primary,ranksum,4,5,-0.008681726427418601,-0.14357976198151673,0.07838330847407333,-0.11075988748663544,0.10537971263510473,,0,NO-GO
MK14,primary,ranksum,5,5,0.013819830256943267,-0.14035032439514553,0.07886921029647122,0.1752246561743702,0.11159695377145859,,0,NO-GO
MK14,primary,ranksum,6,5,0.011269581767483999,-0.14412332069262385,0.07855164261158189,0.1434671687670396,0.07938151976429439,,0,NO-GO
MK14,primary,rrf,1,5,0.04467020438506804,-0.14744790052146545,0.0,nan,0.07343127379884838,,0,NO-GO
MK14,primary,rrf,2,5,-0.02843447846391579,-0.11462943188359395,0.0733703929291333,-0.38754703809995905,0.02941085164634292,-0.37192928436209166,0,NO-GO
MK14,primary,rrf,3,5,0.05594291988000322,-0.08599351693657294,0.07491298287751531,0.7467720244362896,0.1211918358116609,-0.2895950270149638,0,NO-GO
MK14,primary,rrf,4,5,0.0045675547522351255,-0.1064065673348034,0.0754240868216032,0.06055830364958256,0.08359696159318716,,0,NO-GO
MK14,primary,rrf,5,5,-0.006115488922676238,-0.13465485100453653,0.07572388692690313,-0.08076036731420784,0.11286245166947836,,0,NO-GO
MK14,primary,rrf,6,5,0.020615675300314613,-0.08339441937616948,0.07632747076882625,0.2700950927976313,0.08469795383382503,,0,NO-GO
MK14,primary,zmean,1,5,0.04315820914863079,-0.14567762588220812,0.0,nan,0.07294078881260516,,0,NO-GO
MK14,primary,zmean,2,5,-0.05597708934300453,-0.19300025759003914,0.07005568062018738,-0.7990371208651716,0.027232790563323193,-0.3709119791078173,0,NO-GO
MK14,primary,zmean,3,5,0.02444099825164712,-0.1178623908665601,0.07661488380519024,0.31901109859793814,0.11270088590188938,-0.2956237564190192,0,NO-GO
MK14,primary,zmean,4,5,0.030614499471468916,-0.10255190717880913,0.08215947073327315,0.37262289055947606,0.11214812758752116,,0,NO-GO
MK14,primary,zmean,5,5,0.05435613137154131,-0.06688870731499215,0.07794366058903841,0.6973771947681101,0.11449028644011312,,0,NO-GO
MK14,primary,zmean,6,5,0.018545429335284008,-0.08511727174785992,0.08360144659921023,0.2218314405992492,0.10077664684734747,,0,NO-GO
MK14_min,sensitivity,gmean,1,5,0.03147282765616691,-0.15388274668026633,0.0,nan,0.0965295672995464,,0,NO-GO
MK14_min,sensitivity,gmean,2,5,-0.03180208122307314,-0.15886876593805505,0.06195023955801633,-0.5133488013922937,0.053945272035522775,-0.34353409174741734,0,NO-GO
MK14_min,sensitivity,gmean,3,5,0.03514716205314383,-0.09698551477891337,0.07354162718832372,0.47792200685388403,0.08798038714887967,-0.3151237836348093,0,NO-GO
MK14_min,sensitivity,gmean,4,5,0.04537061036383835,-0.06703720027997274,0.07529787631217079,0.6025483398195768,0.10424069803535294,,0,NO-GO
MK14_min,sensitivity,gmean,5,5,0.017419803861753597,-0.10434141665492307,0.0771259136119062,0.22586188021589207,0.08238322995155328,,0,NO-GO
MK14_min,sensitivity,gmean,6,5,0.042853999979803,-0.06342049098211204,0.07601469550984129,0.5637594111556348,0.0943740699258055,,0,NO-GO
MK14_min,sensitivity,hmean,1,5,0.03147282765616691,-0.15388274668026633,0.0,nan,0.0965295672995464,,0,NO-GO
MK14_min,sensitivity,hmean,2,5,0.07082701248736571,-0.09142252585233371,0.05847569014500753,1.2112214889936224,0.10731698041773144,-0.2905594775805419,0,GO
MK14_min,sensitivity,hmean,3,5,0.02282504993192395,-0.09201970855666425,0.06787989923841023,0.3362563908905785,0.09661953925119492,-0.3067001518078881,0,NO-GO
MK14_min,sensitivity,hmean,4,5,0.03937013871748699,-0.0644777672436898,0.07476282077329771,0.5266004988879236,0.11541434501916852,,0,NO-GO
MK14_min,sensitivity,hmean,5,5,0.04447550543337625,-0.06175651217000995,0.07564491534229449,0.5879510239666983,0.10296563748688617,,0,NO-GO
MK14_min,sensitivity,hmean,6,5,0.03135071359962095,-0.07399562406908147,0.07488908959259899,0.4186285848869396,0.08743084696516742,,0,NO-GO
MK14_min,sensitivity,max,1,5,0.03147282765616691,-0.15388274668026633,0.0,nan,0.0965295672995464,,0,NO-GO
MK14_min,sensitivity,max,2,5,-0.05592470497030433,-0.20375385686531042,0.07776921545584878,-0.7191110858261642,0.08326807042852453,-0.3283147550176393,0,NO-GO
MK14_min,sensitivity,max,3,5,-0.008057454437570163,-0.16180299772427031,0.0810458768198393,-0.09941843747932369,0.127156929632735,-0.2959028224473884,0,NO-GO
MK14_min,sensitivity,max,4,5,-0.009457327113129604,-0.15763549027133636,0.08575031684617848,-0.11028912149787673,0.1271900917949109,,0,NO-GO
MK14_min,sensitivity,max,5,5,-0.005970081763985463,-0.1546342980680723,0.08674750075973521,-0.06882136905039853,0.1222718389003152,,0,NO-GO
MK14_min,sensitivity,max,6,5,-0.00028540944342068665,-0.15959038351796548,0.0848702451496907,-0.003362891705064514,0.12464176652447294,,0,NO-GO
MK14_min,sensitivity,mean,1,5,0.03147282765616691,-0.15388274668026633,0.0,nan,0.0965295672995464,,0,NO-GO
MK14_min,sensitivity,mean,2,5,-0.00944026450064785,-0.13301119240972992,0.06461481482001272,-0.14610061991114737,0.04314468701397241,-0.35398418536622256,0,NO-GO
MK14_min,sensitivity,mean,3,5,0.014248342283908349,-0.13647653875955296,0.08325782745404678,0.17113516794288874,0.10023127504794309,-0.30199979218165013,0,NO-GO
MK14_min,sensitivity,mean,4,5,0.04273441793769921,-0.08867552969722767,0.07748343908639202,0.5515297003021696,0.10872226289565586,,0,NO-GO
MK14_min,sensitivity,mean,5,5,0.02499431356789713,-0.10348920929225405,0.08118577004272623,0.30786569561073557,0.11665124514453448,,0,NO-GO
MK14_min,sensitivity,mean,6,5,0.012602208907783246,-0.095571010220622,0.08230863933830095,0.15310918767574644,0.09606137386291268,,0,NO-GO
MK14_min,sensitivity,min,1,5,0.03147282765616691,-0.15388274668026633,0.0,nan,0.0965295672995464,,0,NO-GO
MK14_min,sensitivity,min,2,5,0.014458922423172293,-0.1644780851812261,0.05726602268974571,0.2524869328101839,0.11514686111486397,-0.2836812087522386,0,NO-GO
MK14_min,sensitivity,min,3,5,0.039066119647343446,-0.1242346905617352,0.056185725289101894,0.6953032900497403,0.11499425346726042,-0.2875563394552314,0,NO-GO
MK14_min,sensitivity,min,4,5,-0.016489832420439055,-0.1465755334810237,0.0622229064982569,-0.2650122494824474,0.08448333802465384,,0,NO-GO
MK14_min,sensitivity,min,5,5,-0.016352217576704874,-0.14223174463699995,0.06315473324945045,-0.25892307251328883,0.09222633011170729,,0,NO-GO
MK14_min,sensitivity,min,6,5,-0.00817444275134761,-0.11893981207891573,0.06390308347093224,-0.1279193789618296,0.08533496293241029,,0,NO-GO
MK14_min,sensitivity,ranksum,1,5,0.038836357067811314,-0.1426483288809572,0.0,nan,0.09073118686190818,,0,NO-GO
MK14_min,sensitivity,ranksum,2,5,-0.03626891251046085,-0.19247690869973041,0.06964243718889904,-0.5207875251706741,0.06596289413751591,-0.33937696111887516,0,NO-GO
MK14_min,sensitivity,ranksum,3,5,-0.00970722347957828,-0.15386921983441856,0.07517913883983987,-0.12912123801069808,0.10629219056253034,-0.29806615137925263,0,NO-GO
MK14_min,sensitivity,ranksum,4,5,0.044961086871040924,-0.12235812628057788,0.07444275832556224,0.6039685777683245,0.11946301724461947,,0,NO-GO
MK14_min,sensitivity,ranksum,5,5,0.038818090039560396,-0.1338933977207918,0.07503522880107466,0.5173315342646685,0.12021269489104429,,0,NO-GO
MK14_min,sensitivity,ranksum,6,5,0.02189472840364177,-0.13730979550326666,0.07883201379381004,0.27773904724683013,0.0905734405111284,,0,NO-GO
MK14_min,sensitivity,rrf,1,5,0.038836357067811314,-0.1426483288809572,0.0,nan,0.09073118686190818,,0,NO-GO
MK14_min,sensitivity,rrf,2,5,-0.03668509363518489,-0.15523141231054866,0.07142314881997833,-0.5136303039179844,0.039747727198321495,-0.3572666217119959,0,NO-GO
MK14_min,sensitivity,rrf,3,5,0.03658291425018738,-0.09299719915852457,0.07687115386028703,0.4758991170690199,0.12121904848618562,-0.28417925547931483,0,NO-GO
MK14_min,sensitivity,rrf,4,5,0.03175281793310296,-0.08762607038805778,0.07908312019661887,0.4015119516548934,0.11631615054304494,,0,NO-GO
MK14_min,sensitivity,rrf,5,5,0.03319585290171806,-0.08446383864008415,0.07956596987615269,0.41721169179975565,0.1034835640089978,,0,NO-GO
MK14_min,sensitivity,rrf,6,5,0.03481968613856591,-0.06686475531708672,0.07646521435902201,0.45536635750577203,0.10727612596205693,,0,NO-GO
MK14_min,sensitivity,zmean,1,5,0.03147282765616691,-0.15388274668026633,0.0,nan,0.0965295672995464,,0,NO-GO
MK14_min,sensitivity,zmean,2,5,-0.05437928617829901,-0.19053324639492572,0.07028500991122852,-0.773696784662636,0.028540828561313035,-0.37049225280494313,0,NO-GO
MK14_min,sensitivity,zmean,3,5,0.012482774694881665,-0.13577732573663878,0.07390992653850309,0.16889172103802338,0.10965890057202583,-0.2925436768654822,0,NO-GO
MK14_min,sensitivity,zmean,4,5,0.007598840854112087,-0.10720310827592605,0.08215106083947839,0.0924983898742352,0.104591572453869,,0,NO-GO
MK14_min,sensitivity,zmean,5,5,-0.0005180256036812936,-0.1286413073943815,0.07867978127516953,-0.006583973611588786,0.08432541095183048,,0,NO-GO
MK14_min,sensitivity,zmean,6,5,0.00936507486720336,-0.0971476642843518,0.08169862618237618,0.11462952689434049,0.09489533664012693,,0,NO-GO
PPARA,primary,gmean,1,5,0.15215025914740082,0.050401120503030625,0.0,nan,0.15782165971296633,,0,NO-GO
PPARA,primary,gmean,2,5,0.06298877684334576,-0.032063549028947314,0.04236619196900278,1.486769849162547,0.08843096118101093,-0.28753790189406814,1,GO
PPARA,primary,gmean,3,5,-0.01749426319671868,-0.08176941191365127,0.053435851520700114,-0.32738812424354663,0.06025111681639016,-0.31823308082162405,0,NO-GO
PPARA,primary,gmean,4,5,-0.028993517698530646,-0.08913458711643411,0.061572258157920855,-0.4708860543033507,0.027362580906075618,,0,NO-GO
PPARA,primary,gmean,5,5,-0.02473333247097176,-0.07455523760450464,0.05848448773028862,-0.42290414827661343,0.03436782018310284,,0,NO-GO
PPARA,primary,gmean,6,5,-0.021384957411183438,-0.06536522531098285,0.05882074237855606,-0.36356150137573967,0.02352778138539772,,0,NO-GO
PPARA,primary,hmean,1,5,0.15215025914740082,0.050401120503030625,0.0,nan,0.15782165971296633,,0,NO-GO
PPARA,primary,hmean,2,5,0.07655274431724139,-0.01701238733745588,0.04140581015270946,1.8488406345608488,0.10375284605707805,-0.2733040517301049,1,GO
PPARA,primary,hmean,3,5,0.002247270521096073,-0.06681247571484966,0.050173408511946994,0.04479007083126446,0.0863624638807208,-0.29461453293199874,0,NO-GO
PPARA,primary,hmean,4,5,-0.03767800190110778,-0.10290604058886496,0.057533524330594596,-0.6548877778563577,0.035745999455052135,,0,NO-GO
PPARA,primary,hmean,5,5,-0.001642197378739843,-0.047155246919230974,0.05695711069697734,-0.028832174923279472,0.03657629408759896,,0,NO-GO
PPARA,primary,hmean,6,5,-0.017225951760922044,-0.05887340225075334,0.05768537291958977,-0.2986190586812028,0.02842026887675021,,0,NO-GO
PPARA,primary,max,1,5,0.15215025914740082,0.050401120503030625,0.0,nan,0.15782165971296633,,0,NO-GO
PPARA,primary,max,2,5,-0.12745104342011465,-0.22579778557865104,0.061042308782728094,-2.0879132189078815,0.05553030818762954,-0.3333254397592206,0,NO-GO
PPARA,primary,max,3,5,-0.04381709074606802,-0.11576266661909332,0.06860170715332657,-0.6387172063828631,0.05881829020375613,-0.3326444550063693,0,NO-GO
PPARA,primary,max,4,5,-0.03896599990025766,-0.10040107168279214,0.06898821129873413,-0.564821136346416,0.05624350819946321,,0,NO-GO
PPARA,primary,max,5,5,-0.0032954125167417745,-0.06166792858169327,0.06826583041340788,-0.04827323562586493,0.05841408443000408,,0,NO-GO
PPARA,primary,max,6,5,-0.005832014607654312,-0.06403834156649534,0.0682316302855648,-0.08547376903125446,0.05487528812336877,,0,NO-GO
PPARA,primary,mean,1,5,0.15215025914740082,0.050401120503030625,0.0,nan,0.15782165971296633,,0,NO-GO
PPARA,primary,mean,2,5,-0.021520422859863154,-0.10288313365009497,0.04809840481700622,-0.44742487701492645,0.08251435531907479,-0.2972393020778189,0,NO-GO
PPARA,primary,mean,3,5,-0.0202435960498966,-0.08255198591307122,0.059818479650120084,-0.3384170939867069,0.04591286604848919,-0.3325047311371353,0,NO-GO
PPARA,primary,mean,4,5,-0.04014505583315667,-0.10371435879891747,0.06081588483866642,-0.6601080612352227,0.02713780861933147,,0,NO-GO
PPARA,primary,mean,5,5,-0.025306104050634548,-0.07434720325947652,0.060305609326441835,-0.4196310149798741,0.024225267583323596,,0,NO-GO
PPARA,primary,mean,6,5,-0.03089660753538967,-0.0749308347890675,0.060328086877202966,-0.5121430022848116,0.02466253748518079,,0,NO-GO
PPARA,primary,min,1,5,0.15215025914740082,0.050401120503030625,0.0,nan,0.15782165971296633,,0,NO-GO
PPARA,primary,min,2,5,0.14752057763508997,0.04326090041629578,0.022720362788323865,6.49287949358369,0.12979489147426398,-0.2553952819046693,3,GO
PPARA,primary,min,3,5,0.1834435573518429,0.0675855738519931,0.03955867080165637,4.637252810429664,0.14284209731841838,-0.24473252422196543,3,GO
PPARA,primary,min,4,5,0.17026970627690372,0.05128447559130587,0.042826594425571865,3.9757937459354755,0.12479523229346885,,3,GO
PPARA,primary,min,5,5,0.16261649839506453,0.03777745673304531,0.04330700597127518,3.7549697733185563,0.10526287921311495,,3,GO
PPARA,primary,min,6,5,0.03601816893828571,-0.0900417769781334,0.04472910707305554,0.8052512400808192,0.08978195498485524,,1,NO-GO
PPARA,primary,ranksum,1,5,0.15210447341441063,0.04707275567710462,0.0,nan,0.16037943284870165,,0,NO-GO
PPARA,primary,ranksum,2,5,-0.0246609359661698,-0.1086265544528813,0.053333025884664764,-0.46239521491805585,0.07973859655918884,-0.29758848655979325,0,NO-GO
PPARA,primary,ranksum,3,5,-0.009739571434692174,-0.06796658025115979,0.06035073433853903,-0.1613828156598359,0.05550632243639736,-0.32725521593352014,0,NO-GO
PPARA,primary,ranksum,4,5,-0.019263587953999257,-0.0747167176366452,0.06538600817981145,-0.29461330474593905,0.032112599848222526,,0,NO-GO
PPARA,primary,ranksum,5,5,-0.019955815242278425,-0.07235033916627573,0.06523230976346973,-0.3059191881237622,0.028222671652290164,,0,NO-GO
PPARA,primary,ranksum,6,5,-0.02170640481177532,-0.06585031636889072,0.06106546026755042,-0.35546124956188835,0.026158599228381076,,0,NO-GO
PPARA,primary,rrf,1,5,0.15210447341441063,0.04707275567710462,0.0,nan,0.16037943284870165,,0,NO-GO
PPARA,primary,rrf,2,5,-0.007557092016943568,-0.09194548224663186,0.039811697832461586,-0.189820892561424,0.10316994500439784,-0.2757900032697086,0,NO-GO
PPARA,primary,rrf,3,5,-0.005259972094767845,-0.08015594527096645,0.05784736368027862,-0.09092846691924666,0.05335966975392725,-0.3246435234219386,0,NO-GO
PPARA,primary,rrf,4,5,-0.029090321780495587,-0.09240521333949929,0.057831979606258375,-0.5030144563363267,0.051032868578504476,,0,NO-GO
PPARA,primary,rrf,5,5,-0.023974751311706177,-0.07309239702964847,0.05828178588636821,-0.4113592428078588,0.030588844733343522,,0,NO-GO
PPARA,primary,rrf,6,5,-0.017288218738613692,-0.07302037318773295,0.057850593792361335,-0.2988425460361731,0.050595428201178384,,0,NO-GO
PPARA,primary,zmean,1,5,0.15215025914740082,0.050401120503030625,0.0,nan,0.15782165971296633,,0,NO-GO
PPARA,primary,zmean,2,5,-0.01735206554640368,-0.09922453291862718,0.04912709584103706,-0.3532076392740699,0.085636221158542,-0.2948620783168029,0,NO-GO
PPARA,primary,zmean,3,5,-0.012928788607234598,-0.08062608317731682,0.059322815287563835,-0.21793956582409416,0.058658495690227096,-0.3188648568748885,0,NO-GO
PPARA,primary,zmean,4,5,-0.04219059298864643,-0.10455177334226662,0.06132048394748979,-0.6880342468395267,0.028139046170980286,,0,NO-GO
PPARA,primary,zmean,5,5,-0.036450266979120204,-0.09290295697001422,0.06178710046898367,-0.5899332822296423,0.020494907486460035,,0,NO-GO
PPARA,primary,zmean,6,5,-0.031616073228635355,-0.07736061175058265,0.06155124516728651,-0.5136544864804585,0.022692505787818375,,0,NO-GO
PPARA_pool30,pool,gmean,1,5,0.019212048350569604,-0.08808263707380908,0.0,nan,0.06844625044829702,,0,NO-GO
PPARA_pool30,pool,gmean,2,5,-0.007838459644878398,-0.09833126475782782,0.053444052055625246,-0.14666664190656858,0.09100684678325194,-0.3069097165413979,0,NO-GO
PPARA_pool30,pool,gmean,3,5,-0.11587264535113469,-0.20821642677162244,0.062112118426572695,-1.8655400634598587,0.04614380179463136,-0.3424594966495921,0,NO-GO
PPARA_pool30,pool,gmean,4,5,-0.02059614969571926,-0.08655923061847658,0.060342991466045534,-0.3413180088578892,0.052894918213395835,,0,NO-GO
PPARA_pool30,pool,hmean,1,5,0.019212048350569604,-0.08808263707380908,0.0,nan,0.06844625044829702,,0,NO-GO
PPARA_pool30,pool,hmean,2,5,0.000598067311345224,-0.09365801113069003,0.050221464538565,0.011908599576700294,0.10366649832799162,-0.2931754698868213,0,NO-GO
PPARA_pool30,pool,hmean,3,5,-0.07892702442441457,-0.1798731314642248,0.051710980728963726,-1.5263107237919185,0.09162123714113285,-0.2990906854516647,0,NO-GO
PPARA_pool30,pool,hmean,4,5,-0.06671484718925441,-0.1651174785196302,0.0568449174671715,-1.1736290624009242,0.07032036343672511,,0,NO-GO
PPARA_pool30,pool,max,1,5,0.019212048350569604,-0.08808263707380908,0.0,nan,0.06844625044829702,,0,NO-GO
PPARA_pool30,pool,max,2,5,-0.13049162810243825,-0.22142316002416443,0.0467601145239145,-2.790661003101286,0.07964554176883853,-0.331953107259945,0,NO-GO
PPARA_pool30,pool,max,3,5,-0.12387063575389787,-0.19583800414515676,0.05281607200084293,-2.345320866571087,0.0805179262238486,-0.3276350047870432,0,NO-GO
PPARA_pool30,pool,max,4,5,-0.08189812367233498,-0.15574009436401526,0.05445873384616566,-1.5038565513417876,0.06509356686525929,,0,NO-GO
PPARA_pool30,pool,mean,1,5,0.019212048350569604,-0.08808263707380908,0.0,nan,0.06844625044829702,,0,NO-GO
PPARA_pool30,pool,mean,2,5,-0.06724325285793328,-0.1560401230840058,0.05975525025023452,-1.1253112082426493,0.05984592650338505,-0.3392004164149811,0,NO-GO
PPARA_pool30,pool,mean,3,5,-0.03345696243538547,-0.10261521010019581,0.06206368086201432,-0.5390747369588031,0.06157726544433832,-0.3281538094103874,0,NO-GO
PPARA_pool30,pool,mean,4,5,-0.09392703565089375,-0.18860856284347868,0.05770126564216634,-1.6278158651385752,0.0538678908960446,,0,NO-GO
PPARA_pool30,pool,min,1,5,0.019212048350569604,-0.08808263707380908,0.0,nan,0.06844625044829702,,0,NO-GO
PPARA_pool30,pool,min,2,5,0.08675005007792204,-0.03821566262973127,0.05404146987059512,1.6052496404270493,0.09510560824076071,-0.30969941394226735,1,GO
PPARA_pool30,pool,min,3,5,0.10645983927069942,-0.014612231606503675,0.06096317950591943,1.7462973574132947,0.12352878923309099,-0.27903574374135554,1,GO
PPARA_pool30,pool,min,4,5,0.10105284683382379,-0.02007440510936579,0.06072308582352306,1.6641586221014757,0.1185656528995791,,1,GO
PPARA_pool30,pool,ranksum,1,5,0.020378389468956766,-0.08823376737831615,0.0,nan,0.0709829932529203,,0,NO-GO
PPARA_pool30,pool,ranksum,2,5,-0.06604559167035942,-0.16478571035426032,0.05477200666832627,-1.2058274963395212,0.08038171499811488,-0.3219574560283335,0,NO-GO
PPARA_pool30,pool,ranksum,3,5,-0.0020584642405506335,-0.07398080375558425,0.059382160956510166,-0.03466469066456162,0.08066115504054225,-0.31128014743103116,0,NO-GO
PPARA_pool30,pool,ranksum,4,5,-0.01850140761356433,-0.08283687425121207,0.05986236528191004,-0.3090657632125892,0.06550566394700441,,0,NO-GO
PPARA_pool30,pool,rrf,1,5,0.020378389468956766,-0.08823376737831615,0.0,nan,0.0709829932529203,,0,NO-GO
PPARA_pool30,pool,rrf,2,5,-0.04268850914464932,-0.10841784223840582,0.05813235668862153,-0.7343330216819665,0.025196844752594115,-0.37658081645807706,0,NO-GO
PPARA_pool30,pool,rrf,3,5,-0.11070405526162212,-0.19769163516970284,0.056443665086062425,-1.9613193986043644,0.060811376754772606,-0.3308806564328487,0,NO-GO
PPARA_pool30,pool,rrf,4,5,-0.04527292327364507,-0.11789914678713065,0.05715864847410883,-0.7920572736101757,0.05671440074442522,,0,NO-GO
PPARA_pool30,pool,zmean,1,5,0.019212048350569604,-0.08808263707380908,0.0,nan,0.06844625044829702,,0,NO-GO
PPARA_pool30,pool,zmean,2,5,-0.0654281230139552,-0.13900867750913956,0.05601047670317756,-1.1681407990988115,0.03313290915590594,-0.36419835242853066,0,NO-GO
PPARA_pool30,pool,zmean,3,5,-0.03004545064357501,-0.10279963876498499,0.061404365189012475,-0.4893048002546773,0.06906448658388623,-0.3226082795716513,0,NO-GO
PPARA_pool30,pool,zmean,4,5,-0.014322106709082145,-0.08406203661439632,0.060074633225609554,-0.2384052292969588,0.06855483627032398,,0,NO-GO
PPARG,primary,gmean,1,5,0.08789331524311272,-0.032048588221852956,0.0,nan,0.09045678595047886,,0,NO-GO
PPARG,primary,gmean,2,5,-0.008238999375531597,-0.09764272788913175,0.04935141196826136,-0.16694556542435346,0.07667932152115119,-0.31856020327342577,0,NO-GO
PPARG,primary,gmean,3,5,-0.08620488571713776,-0.1758754714565364,0.052381964428172986,-1.645697840052244,0.04721652792447473,-0.3474139268547869,0,NO-GO
PPARG,primary,gmean,4,5,-0.013135637438341919,-0.09687883859335394,0.05333708132803818,-0.2462758949548443,0.038046895134176285,,0,NO-GO
PPARG,primary,gmean,5,5,-0.06943849297000057,-0.15293887812045207,0.0596646504442659,-1.1638129521074565,0.0162381478075026,,0,NO-GO
PPARG,primary,gmean,6,5,-0.020302600468160105,-0.08453237294843521,0.06131535555280313,-0.3311177157029784,0.03969470170107105,,0,NO-GO
PPARG,primary,hmean,1,5,0.08789331524311272,-0.032048588221852956,0.0,nan,0.09045678595047886,,0,NO-GO
PPARG,primary,hmean,2,5,0.006928670148972693,-0.08034994372858237,0.041278042072584155,0.1678536529612809,0.08633329526734587,-0.3071123616803756,0,NO-GO
PPARG,primary,hmean,3,5,-0.010473790899015229,-0.09883588709179895,0.04944072255209592,-0.21184542535718298,0.05853541018951032,-0.33664603330075593,0,NO-GO
PPARG,primary,hmean,4,5,-0.02654767455232686,-0.11339596011023519,0.051956960780304796,-0.5109551088752332,0.03804256337883849,,0,NO-GO
PPARG,primary,hmean,5,5,-0.09778477431225172,-0.17684895041791054,0.05652102958434828,-1.7300600330771423,0.015919755442776573,,0,NO-GO
PPARG,primary,hmean,6,5,-0.044978457727559144,-0.10359717722479185,0.05899734781355513,-0.762381011934658,0.03594574966440965,,0,NO-GO
PPARG,primary,max,1,5,0.08789331524311272,-0.032048588221852956,0.0,nan,0.09045678595047886,,0,NO-GO
PPARG,primary,max,2,5,0.03132431863562707,-0.08719338224739179,0.051948240795805144,0.6029909416712438,0.08391891052563259,-0.31741515923376856,0,NO-GO
PPARG,primary,max,3,5,-0.012450011020238272,-0.14634740873283433,0.06560861227678474,-0.18976184052964098,0.13303013516342746,-0.2776519495796539,0,NO-GO
PPARG,primary,max,4,5,-0.0554295747610898,-0.18537962849512596,0.0673785062288969,-0.822659596708564,0.12378509511107808,,0,NO-GO
PPARG,primary,max,5,5,-0.044261324971588946,-0.16627046522304195,0.07170761345153095,-0.6172472188257434,0.1088126528504357,,0,NO-GO
PPARG,primary,max,6,5,-0.034254277524838984,-0.14638335749878376,0.07439007305079766,-0.46046839477423646,0.10853819682408886,,0,NO-GO
PPARG,primary,mean,1,5,0.08789331524311272,-0.032048588221852956,0.0,nan,0.09045678595047886,,0,NO-GO
PPARG,primary,mean,2,5,0.07742196888616261,-0.011269426503100439,0.053203415357056506,1.4552067450288966,0.06914500881135235,-0.32419283844143953,1,GO
PPARG,primary,mean,3,5,-0.06643969828807764,-0.16279847754612206,0.05801920044833268,-1.1451329521033917,0.03361205234836687,-0.3600651362901375,0,NO-GO
PPARG,primary,mean,4,5,-0.01869585758892018,-0.09701411266152019,0.05879974604941731,-0.31795813494173164,0.04191031059498305,,0,NO-GO
PPARG,primary,mean,5,5,-0.041945146954555,-0.10917647902683443,0.06340404818714222,-0.6615531366506832,0.011565767596251764,,0,NO-GO
PPARG,primary,mean,6,5,-0.030704425227941434,-0.09204708856081087,0.06396248765714271,-0.48003800903626453,0.02615559741828031,,0,NO-GO
PPARG,primary,min,1,5,0.08789331524311272,-0.032048588221852956,0.0,nan,0.09045678595047886,,0,NO-GO
PPARG,primary,min,2,5,0.03635453962708724,-0.091742540923394,0.005903259955995891,6.158383655485516,0.09209466087287928,-0.30755632834846913,2,GO
PPARG,primary,min,3,5,-0.0007205550854191723,-0.12115220739353097,0.026812532692191793,-0.02687381657268836,0.07613743230048184,-0.32928231097819816,1,NO-GO
PPARG,primary,min,4,5,-0.05022021948188786,-0.15530432822473592,0.03222500280543693,-1.5584240530590372,0.06326235273546965,,0,NO-GO
PPARG,primary,min,5,5,-0.05450853078696135,-0.16301962097931674,0.03602162377288773,-1.5132169257730157,0.04966870447402749,,0,NO-GO
PPARG,primary,min,6,5,-0.06273528102297077,-0.17199480365070746,0.03856788671937639,-1.6266196143812244,0.03810227157168753,,0,NO-GO
PPARG,primary,ranksum,1,5,0.007091087462011833,-0.1184857594417896,0.0,nan,0.0917834909566262,,0,NO-GO
PPARG,primary,ranksum,2,5,0.06613615001106604,-0.03396124330992184,0.058021609322206034,1.1398537679952703,0.06789939943208889,-0.327433964316569,1,GO
PPARG,primary,ranksum,3,5,-0.04210854985696065,-0.12412264584545292,0.06241484092740416,-0.6746560470439694,0.04297201083562964,-0.3550334164809824,0,NO-GO
PPARG,primary,ranksum,4,5,-0.02011084953009289,-0.09185044554837449,0.06378330655679401,-0.3152995762642967,0.031174712712332343,,0,NO-GO
PPARG,primary,ranksum,5,5,-0.11099189862995099,-0.1948114595123543,0.06282673602551608,-1.7666348063167467,0.02644224217280088,,0,NO-GO
PPARG,primary,ranksum,6,5,-0.08443274609799145,-0.16593765209000225,0.06630417279382493,-1.2734152699640477,0.02026012006384923,,0,NO-GO
PPARG,primary,rrf,1,5,0.007091087462011833,-0.1184857594417896,0.0,nan,0.0917834909566262,,0,NO-GO
PPARG,primary,rrf,2,5,0.051278086825222814,-0.0716401570331314,0.046659091328388504,1.098994544585655,0.07932717291261414,-0.31610120926282675,1,GO
PPARG,primary,rrf,3,5,0.06467782427807768,-0.01678578845168189,0.05330865722336918,1.2132705576707818,0.05260665738616184,-0.34318439174771465,1,GO
PPARG,primary,rrf,4,5,-0.019273844305703614,-0.08673776600495277,0.0553573834488871,-0.348171158116598,0.03264805476406951,,0,NO-GO
PPARG,primary,rrf,5,5,-0.052156784900378894,-0.11899594645452312,0.05859149270273249,-0.8901767559498701,0.03259664297369722,,0,NO-GO
PPARG,primary,rrf,6,5,-0.10308888582809891,-0.16633585876902368,0.06109081449315172,-1.6874694941193684,0.04148563981878869,,0,NO-GO
PPARG,primary,zmean,1,5,0.08789331524311272,-0.032048588221852956,0.0,nan,0.09045678595047886,,0,NO-GO
PPARG,primary,zmean,2,5,0.07726140796326261,-0.018720411978147215,0.059179456202832735,1.3055444054513694,0.07239824191797196,-0.3234978031117409,1,GO
PPARG,primary,zmean,3,5,-0.01890547480750382,-0.09977676105471839,0.06078538692154064,-0.31102006197486665,0.04571369585705056,-0.34803212114857696,0,NO-GO
PPARG,primary,zmean,4,5,-0.01849085324200108,-0.1055048363673452,0.05966030445167157,-0.30993561652002266,0.032056619335697104,,0,NO-GO
PPARG,primary,zmean,5,5,-0.020913649064077812,-0.08475791089625526,0.06266436924396548,-0.33374067777905186,0.02098578771150289,,0,NO-GO
PPARG,primary,zmean,6,5,-0.09035394405547498,-0.16158462446931762,0.06681279304226953,-1.3523449618146033,0.02631723091200705,,0,NO-GO
